/home/soumya/soumya/CarND-Behavioral-Cloning-P3/data/IMG/center_2017_09_01_13_07_39_266.jpg,/home/soumya/soumya/CarND-Behavioral-Cloning-P3/data/IMG/left_2017_09_01_13_07_39_266.jpg,/home/soumya/soumya/CarND-Behavioral-Cloning-P3/data/IMG/right_2017_09_01_13_07_39_266.jpg,0,0,0,4.908969
/home/soumya/soumya/CarND-Behavioral-Cloning-P3/data/IMG/center_2017_09_01_13_07_39_516.jpg,/home/soumya/soumya/CarND-Behavioral-Cloning-P3/data/IMG/left_2017_09_01_13_07_39_516.jpg,/home/soumya/soumya/CarND-Behavioral-Cloning-P3/data/IMG/right_2017_09_01_13_07_39_516.jpg,0,0.7573771,0,7.110483
/home/soumya/soumya/CarND-Behavioral-Cloning-P3/data/IMG/center_2017_09_01_13_07_39_787.jpg,/home/soumya/soumya/CarND-Behavioral-Cloning-P3/data/IMG/left_2017_09_01_13_07_39_787.jpg,/home/soumya/soumya/CarND-Behavioral-Cloning-P3/data/IMG/right_2017_09_01_13_07_39_787.jpg,0,0,0,6.971537
/home/soumya/soumya/CarND-Behavioral-Cloning-P3/data/IMG/center_2017_09_01_13_07_40_054.jpg,/home/soumya/soumya/CarND-Behavioral-Cloning-P3/data/IMG/left_2017_09_01_13_07_40_054.jpg,/home/soumya/soumya/CarND-Behavioral-Cloning-P3/data/IMG/right_2017_09_01_13_07_40_054.jpg,0,0,0,6.7774
/home/soumya/soumya/CarND-Behavioral-Cloning-P3/data/IMG/center_2017_09_01_13_07_40_314.jpg,/home/soumya/soumya/CarND-Behavioral-Cloning-P3/data/IMG/left_2017_09_01_13_07_40_314.jpg,/home/soumya/soumya/CarND-Behavioral-Cloning-P3/data/IMG/right_2017_09_01_13_07_40_314.jpg,-0.6500001,0,0,6.511827
/home/soumya/soumya/CarND-Behavioral-Cloning-P3/data/IMG/center_2017_09_01_13_07_41_632.jpg,/home/soumya/soumya/CarND-Behavioral-Cloning-P3/data/IMG/left_2017_09_01_13_07_41_632.jpg,/home/soumya/soumya/CarND-Behavioral-Cloning-P3/data/IMG/right_2017_09_01_13_07_41_632.jpg,0,0,0,6.255137
/home/soumya/soumya/CarND-Behavioral-Cloning-P3/data/IMG/center_2017_09_01_13_07_42_356.jpg,/home/soumya/soumya/CarND-Behavioral-Cloning-P3/data/IMG/left_2017_09_01_13_07_42_356.jpg,/home/soumya/soumya/CarND-Behavioral-Cloning-P3/data/IMG/right_2017_09_01_13_07_42_356.jpg,-0.8500001,0,0,5.905632
/home/soumya/soumya/CarND-Behavioral-Cloning-P3/data/IMG/center_2017_09_01_13_07_42_637.jpg,/home/soumya/soumya/CarND-Behavioral-Cloning-P3/data/IMG/left_2017_09_01_13_07_42_637.jpg,/home/soumya/soumya/CarND-Behavioral-Cloning-P3/data/IMG/right_2017_09_01_13_07_42_637.jpg,-0.1446099,0,0,5.706454
/home/soumya/soumya/CarND-Behavioral-Cloning-P3/data/IMG/center_2017_09_01_13_07_42_902.jpg,/home/soumya/soumya/CarND-Behavioral-Cloning-P3/data/IMG/left_2017_09_01_13_07_42_902.jpg,/home/soumya/soumya/CarND-Behavioral-Cloning-P3/data/IMG/right_2017_09_01_13_07_42_902.jpg,0,0,0,5.544377
/home/soumya/soumya/CarND-Behavioral-Cloning-P3/data/IMG/center_2017_09_01_13_07_43_163.jpg,/home/soumya/soumya/CarND-Behavioral-Cloning-P3/data/IMG/left_2017_09_01_13_07_43_163.jpg,/home/soumya/soumya/CarND-Behavioral-Cloning-P3/data/IMG/right_2017_09_01_13_07_43_163.jpg,0,0,0,5.400563
/home/soumya/soumya/CarND-Behavioral-Cloning-P3/data/IMG/center_2017_09_01_13_07_43_419.jpg,/home/soumya/soumya/CarND-Behavioral-Cloning-P3/data/IMG/left_2017_09_01_13_07_43_419.jpg,/home/soumya/soumya/CarND-Behavioral-Cloning-P3/data/IMG/right_2017_09_01_13_07_43_419.jpg,0.6500001,0,0,5.189709
/home/soumya/soumya/CarND-Behavioral-Cloning-P3/data/IMG/center_2017_09_01_13_07_43_714.jpg,/home/soumya/soumya/CarND-Behavioral-Cloning-P3/data/IMG/left_2017_09_01_13_07_43_714.jpg,/home/soumya/soumya/CarND-Behavioral-Cloning-P3/data/IMG/right_2017_09_01_13_07_43_714.jpg,0,0,0,5.002099
/home/soumya/soumya/CarND-Behavioral-Cloning-P3/data/IMG/center_2017_09_01_13_07_43_976.jpg,/home/soumya/soumya/CarND-Behavioral-Cloning-P3/data/IMG/left_2017_09_01_13_07_43_976.jpg,/home/soumya/soumya/CarND-Behavioral-Cloning-P3/data/IMG/right_2017_09_01_13_07_43_976.jpg,0,0,0,4.872634
/home/soumya/soumya/CarND-Behavioral-Cloning-P3/data/IMG/center_2017_09_01_13_07_44_240.jpg,/home/soumya/soumya/CarND-Behavioral-Cloning-P3/data/IMG/left_2017_09_01_13_07_44_240.jpg,/home/soumya/soumya/CarND-Behavioral-Cloning-P3/data/IMG/right_2017_09_01_13_07_44_240.jpg,0,0,0,4.736956
/home/soumya/soumya/CarND-Behavioral-Cloning-P3/data/IMG/center_2017_09_01_13_07_44_507.jpg,/home/soumya/soumya/CarND-Behavioral-Cloning-P3/data/IMG/left_2017_09_01_13_07_44_507.jpg,/home/soumya/soumya/CarND-Behavioral-Cloning-P3/data/IMG/right_2017_09_01_13_07_44_507.jpg,0,0,0,4.614354
/home/soumya/soumya/CarND-Behavioral-Cloning-P3/data/IMG/center_2017_09_01_13_07_44_766.jpg,/home/soumya/soumya/CarND-Behavioral-Cloning-P3/data/IMG/left_2017_09_01_13_07_44_766.jpg,/home/soumya/soumya/CarND-Behavioral-Cloning-P3/data/IMG/right_2017_09_01_13_07_44_766.jpg,0,0,0,4.494927
/home/soumya/soumya/CarND-Behavioral-Cloning-P3/data/IMG/center_2017_09_01_13_07_45_037.jpg,/home/soumya/soumya/CarND-Behavioral-Cloning-P3/data/IMG/left_2017_09_01_13_07_45_037.jpg,/home/soumya/soumya/CarND-Behavioral-Cloning-P3/data/IMG/right_2017_09_01_13_07_45_037.jpg,0,0,0,4.378591
/home/soumya/soumya/CarND-Behavioral-Cloning-P3/data/IMG/center_2017_09_01_13_07_45_302.jpg,/home/soumya/soumya/CarND-Behavioral-Cloning-P3/data/IMG/left_2017_09_01_13_07_45_302.jpg,/home/soumya/soumya/CarND-Behavioral-Cloning-P3/data/IMG/right_2017_09_01_13_07_45_302.jpg,0,0,0,4.25667
/home/soumya/soumya/CarND-Behavioral-Cloning-P3/data/IMG/center_2017_09_01_13_07_45_573.jpg,/home/soumya/soumya/CarND-Behavioral-Cloning-P3/data/IMG/left_2017_09_01_13_07_45_573.jpg,/home/soumya/soumya/CarND-Behavioral-Cloning-P3/data/IMG/right_2017_09_01_13_07_45_573.jpg,0,0,0,4.146502
/home/soumya/soumya/CarND-Behavioral-Cloning-P3/data/IMG/center_2017_09_01_13_07_45_833.jpg,/home/soumya/soumya/CarND-Behavioral-Cloning-P3/data/IMG/left_2017_09_01_13_07_45_833.jpg,/home/soumya/soumya/CarND-Behavioral-Cloning-P3/data/IMG/right_2017_09_01_13_07_45_833.jpg,0,0,0,4.039185
/home/soumya/soumya/CarND-Behavioral-Cloning-P3/data/IMG/center_2017_09_01_13_07_46_109.jpg,/home/soumya/soumya/CarND-Behavioral-Cloning-P3/data/IMG/left_2017_09_01_13_07_46_109.jpg,/home/soumya/soumya/CarND-Behavioral-Cloning-P3/data/IMG/right_2017_09_01_13_07_46_109.jpg,0,0,0,3.926718
/home/soumya/soumya/CarND-Behavioral-Cloning-P3/data/IMG/center_2017_09_01_13_07_46_376.jpg,/home/soumya/soumya/CarND-Behavioral-Cloning-P3/data/IMG/left_2017_09_01_13_07_46_376.jpg,/home/soumya/soumya/CarND-Behavioral-Cloning-P3/data/IMG/right_2017_09_01_13_07_46_376.jpg,0,0,0,3.82509
/home/soumya/soumya/CarND-Behavioral-Cloning-P3/data/IMG/center_2017_09_01_13_07_46_641.jpg,/home/soumya/soumya/CarND-Behavioral-Cloning-P3/data/IMG/left_2017_09_01_13_07_46_641.jpg,/home/soumya/soumya/CarND-Behavioral-Cloning-P3/data/IMG/right_2017_09_01_13_07_46_641.jpg,0,0,0,3.718585
/home/soumya/soumya/CarND-Behavioral-Cloning-P3/data/IMG/center_2017_09_01_13_07_46_908.jpg,/home/soumya/soumya/CarND-Behavioral-Cloning-P3/data/IMG/left_2017_09_01_13_07_46_908.jpg,/home/soumya/soumya/CarND-Behavioral-Cloning-P3/data/IMG/right_2017_09_01_13_07_46_908.jpg,0,0,0,3.622344
/home/soumya/soumya/CarND-Behavioral-Cloning-P3/data/IMG/center_2017_09_01_13_07_47_182.jpg,/home/soumya/soumya/CarND-Behavioral-Cloning-P3/data/IMG/left_2017_09_01_13_07_47_182.jpg,/home/soumya/soumya/CarND-Behavioral-Cloning-P3/data/IMG/right_2017_09_01_13_07_47_182.jpg,0,0,0,3.528597
/home/soumya/soumya/CarND-Behavioral-Cloning-P3/data/IMG/center_2017_09_01_13_07_47_467.jpg,/home/soumya/soumya/CarND-Behavioral-Cloning-P3/data/IMG/left_2017_09_01_13_07_47_467.jpg,/home/soumya/soumya/CarND-Behavioral-Cloning-P3/data/IMG/right_2017_09_01_13_07_47_467.jpg,0,0,0,3.423437
/home/soumya/soumya/CarND-Behavioral-Cloning-P3/data/IMG/center_2017_09_01_13_07_47_727.jpg,/home/soumya/soumya/CarND-Behavioral-Cloning-P3/data/IMG/left_2017_09_01_13_07_47_727.jpg,/home/soumya/soumya/CarND-Behavioral-Cloning-P3/data/IMG/right_2017_09_01_13_07_47_727.jpg,0,0,0,3.334837
/home/soumya/soumya/CarND-Behavioral-Cloning-P3/data/IMG/center_2017_09_01_13_07_48_003.jpg,/home/soumya/soumya/CarND-Behavioral-Cloning-P3/data/IMG/left_2017_09_01_13_07_48_003.jpg,/home/soumya/soumya/CarND-Behavioral-Cloning-P3/data/IMG/right_2017_09_01_13_07_48_003.jpg,0,0,0,3.248531
/home/soumya/soumya/CarND-Behavioral-Cloning-P3/data/IMG/center_2017_09_01_13_07_48_272.jpg,/home/soumya/soumya/CarND-Behavioral-Cloning-P3/data/IMG/left_2017_09_01_13_07_48_272.jpg,/home/soumya/soumya/CarND-Behavioral-Cloning-P3/data/IMG/right_2017_09_01_13_07_48_272.jpg,0,0.8216672,0,5.887147
/home/soumya/soumya/CarND-Behavioral-Cloning-P3/data/IMG/center_2017_09_01_13_07_48_543.jpg,/home/soumya/soumya/CarND-Behavioral-Cloning-P3/data/IMG/left_2017_09_01_13_07_48_543.jpg,/home/soumya/soumya/CarND-Behavioral-Cloning-P3/data/IMG/right_2017_09_01_13_07_48_543.jpg,-0.7,0.005766392,0,5.693445
/home/soumya/soumya/CarND-Behavioral-Cloning-P3/data/IMG/center_2017_09_01_13_07_48_816.jpg,/home/soumya/soumya/CarND-Behavioral-Cloning-P3/data/IMG/left_2017_09_01_13_07_48_816.jpg,/home/soumya/soumya/CarND-Behavioral-Cloning-P3/data/IMG/right_2017_09_01_13_07_48_816.jpg,0,0,0,5.491614
/home/soumya/soumya/CarND-Behavioral-Cloning-P3/data/IMG/center_2017_09_01_13_07_49_087.jpg,/home/soumya/soumya/CarND-Behavioral-Cloning-P3/data/IMG/left_2017_09_01_13_07_49_087.jpg,/home/soumya/soumya/CarND-Behavioral-Cloning-P3/data/IMG/right_2017_09_01_13_07_49_087.jpg,0,0,0,5.338686
/home/soumya/soumya/CarND-Behavioral-Cloning-P3/data/IMG/center_2017_09_01_13_07_49_353.jpg,/home/soumya/soumya/CarND-Behavioral-Cloning-P3/data/IMG/left_2017_09_01_13_07_49_353.jpg,/home/soumya/soumya/CarND-Behavioral-Cloning-P3/data/IMG/right_2017_09_01_13_07_49_353.jpg,0,0,0,5.200502
/home/soumya/soumya/CarND-Behavioral-Cloning-P3/data/IMG/center_2017_09_01_13_07_49_621.jpg,/home/soumya/soumya/CarND-Behavioral-Cloning-P3/data/IMG/left_2017_09_01_13_07_49_621.jpg,/home/soumya/soumya/CarND-Behavioral-Cloning-P3/data/IMG/right_2017_09_01_13_07_49_621.jpg,-0.7,0,0,4.97695
/home/soumya/soumya/CarND-Behavioral-Cloning-P3/data/IMG/center_2017_09_01_13_07_49_890.jpg,/home/soumya/soumya/CarND-Behavioral-Cloning-P3/data/IMG/left_2017_09_01_13_07_49_890.jpg,/home/soumya/soumya/CarND-Behavioral-Cloning-P3/data/IMG/right_2017_09_01_13_07_49_890.jpg,-0.0008790493,0,0,4.798466
/home/soumya/soumya/CarND-Behavioral-Cloning-P3/data/IMG/center_2017_09_01_13_07_50_162.jpg,/home/soumya/soumya/CarND-Behavioral-Cloning-P3/data/IMG/left_2017_09_01_13_07_50_162.jpg,/home/soumya/soumya/CarND-Behavioral-Cloning-P3/data/IMG/right_2017_09_01_13_07_50_162.jpg,0,0,0,4.664851
/home/soumya/soumya/CarND-Behavioral-Cloning-P3/data/IMG/center_2017_09_01_13_07_50_429.jpg,/home/soumya/soumya/CarND-Behavioral-Cloning-P3/data/IMG/left_2017_09_01_13_07_50_429.jpg,/home/soumya/soumya/CarND-Behavioral-Cloning-P3/data/IMG/right_2017_09_01_13_07_50_429.jpg,-0.6500001,0,0,4.483222
/home/soumya/soumya/CarND-Behavioral-Cloning-P3/data/IMG/center_2017_09_01_13_07_50_691.jpg,/home/soumya/soumya/CarND-Behavioral-Cloning-P3/data/IMG/left_2017_09_01_13_07_50_691.jpg,/home/soumya/soumya/CarND-Behavioral-Cloning-P3/data/IMG/right_2017_09_01_13_07_50_691.jpg,-0.02230167,0,0,4.333616
/home/soumya/soumya/CarND-Behavioral-Cloning-P3/data/IMG/center_2017_09_01_13_07_50_962.jpg,/home/soumya/soumya/CarND-Behavioral-Cloning-P3/data/IMG/left_2017_09_01_13_07_50_962.jpg,/home/soumya/soumya/CarND-Behavioral-Cloning-P3/data/IMG/right_2017_09_01_13_07_50_962.jpg,0,0,0,4.212886
/home/soumya/soumya/CarND-Behavioral-Cloning-P3/data/IMG/center_2017_09_01_13_07_51_244.jpg,/home/soumya/soumya/CarND-Behavioral-Cloning-P3/data/IMG/left_2017_09_01_13_07_51_244.jpg,/home/soumya/soumya/CarND-Behavioral-Cloning-P3/data/IMG/right_2017_09_01_13_07_51_244.jpg,0,0,0,4.09558
/home/soumya/soumya/CarND-Behavioral-Cloning-P3/data/IMG/center_2017_09_01_13_07_51_533.jpg,/home/soumya/soumya/CarND-Behavioral-Cloning-P3/data/IMG/left_2017_09_01_13_07_51_533.jpg,/home/soumya/soumya/CarND-Behavioral-Cloning-P3/data/IMG/right_2017_09_01_13_07_51_533.jpg,0,0,0,3.981543
/home/soumya/soumya/CarND-Behavioral-Cloning-P3/data/IMG/center_2017_09_01_13_07_51_799.jpg,/home/soumya/soumya/CarND-Behavioral-Cloning-P3/data/IMG/left_2017_09_01_13_07_51_799.jpg,/home/soumya/soumya/CarND-Behavioral-Cloning-P3/data/IMG/right_2017_09_01_13_07_51_799.jpg,0,0,0,3.87068
/home/soumya/soumya/CarND-Behavioral-Cloning-P3/data/IMG/center_2017_09_01_13_07_52_075.jpg,/home/soumya/soumya/CarND-Behavioral-Cloning-P3/data/IMG/left_2017_09_01_13_07_52_075.jpg,/home/soumya/soumya/CarND-Behavioral-Cloning-P3/data/IMG/right_2017_09_01_13_07_52_075.jpg,0,0,0,3.7705
/home/soumya/soumya/CarND-Behavioral-Cloning-P3/data/IMG/center_2017_09_01_13_07_52_345.jpg,/home/soumya/soumya/CarND-Behavioral-Cloning-P3/data/IMG/left_2017_09_01_13_07_52_345.jpg,/home/soumya/soumya/CarND-Behavioral-Cloning-P3/data/IMG/right_2017_09_01_13_07_52_345.jpg,0,0,0,3.665514
/home/soumya/soumya/CarND-Behavioral-Cloning-P3/data/IMG/center_2017_09_01_13_07_52_618.jpg,/home/soumya/soumya/CarND-Behavioral-Cloning-P3/data/IMG/left_2017_09_01_13_07_52_618.jpg,/home/soumya/soumya/CarND-Behavioral-Cloning-P3/data/IMG/right_2017_09_01_13_07_52_618.jpg,0,0,0,3.570648
/home/soumya/soumya/CarND-Behavioral-Cloning-P3/data/IMG/center_2017_09_01_13_07_52_893.jpg,/home/soumya/soumya/CarND-Behavioral-Cloning-P3/data/IMG/left_2017_09_01_13_07_52_893.jpg,/home/soumya/soumya/CarND-Behavioral-Cloning-P3/data/IMG/right_2017_09_01_13_07_52_893.jpg,0,0,0,3.471227
/home/soumya/soumya/CarND-Behavioral-Cloning-P3/data/IMG/center_2017_09_01_13_07_53_169.jpg,/home/soumya/soumya/CarND-Behavioral-Cloning-P3/data/IMG/left_2017_09_01_13_07_53_169.jpg,/home/soumya/soumya/CarND-Behavioral-Cloning-P3/data/IMG/right_2017_09_01_13_07_53_169.jpg,-0.7,0,0,3.323148
/home/soumya/soumya/CarND-Behavioral-Cloning-P3/data/IMG/center_2017_09_01_13_07_53_437.jpg,/home/soumya/soumya/CarND-Behavioral-Cloning-P3/data/IMG/left_2017_09_01_13_07_53_437.jpg,/home/soumya/soumya/CarND-Behavioral-Cloning-P3/data/IMG/right_2017_09_01_13_07_53_437.jpg,-0.04213858,0,0,3.20882
/home/soumya/soumya/CarND-Behavioral-Cloning-P3/data/IMG/center_2017_09_01_13_07_53_701.jpg,/home/soumya/soumya/CarND-Behavioral-Cloning-P3/data/IMG/left_2017_09_01_13_07_53_701.jpg,/home/soumya/soumya/CarND-Behavioral-Cloning-P3/data/IMG/right_2017_09_01_13_07_53_701.jpg,0,0,0,3.119322
/home/soumya/soumya/CarND-Behavioral-Cloning-P3/data/IMG/center_2017_09_01_13_07_53_971.jpg,/home/soumya/soumya/CarND-Behavioral-Cloning-P3/data/IMG/left_2017_09_01_13_07_53_971.jpg,/home/soumya/soumya/CarND-Behavioral-Cloning-P3/data/IMG/right_2017_09_01_13_07_53_971.jpg,-0.6500001,0,0,2.998712
/home/soumya/soumya/CarND-Behavioral-Cloning-P3/data/IMG/center_2017_09_01_13_07_54_249.jpg,/home/soumya/soumya/CarND-Behavioral-Cloning-P3/data/IMG/left_2017_09_01_13_07_54_249.jpg,/home/soumya/soumya/CarND-Behavioral-Cloning-P3/data/IMG/right_2017_09_01_13_07_54_249.jpg,0,0,0,2.886814
/home/soumya/soumya/CarND-Behavioral-Cloning-P3/data/IMG/center_2017_09_01_13_07_54_504.jpg,/home/soumya/soumya/CarND-Behavioral-Cloning-P3/data/IMG/left_2017_09_01_13_07_54_504.jpg,/home/soumya/soumya/CarND-Behavioral-Cloning-P3/data/IMG/right_2017_09_01_13_07_54_504.jpg,0,0,0,2.812103
/home/soumya/soumya/CarND-Behavioral-Cloning-P3/data/IMG/center_2017_09_01_13_07_54_765.jpg,/home/soumya/soumya/CarND-Behavioral-Cloning-P3/data/IMG/left_2017_09_01_13_07_54_765.jpg,/home/soumya/soumya/CarND-Behavioral-Cloning-P3/data/IMG/right_2017_09_01_13_07_54_765.jpg,0,0,0,2.739326
/home/soumya/soumya/CarND-Behavioral-Cloning-P3/data/IMG/center_2017_09_01_13_07_55_023.jpg,/home/soumya/soumya/CarND-Behavioral-Cloning-P3/data/IMG/left_2017_09_01_13_07_55_023.jpg,/home/soumya/soumya/CarND-Behavioral-Cloning-P3/data/IMG/right_2017_09_01_13_07_55_023.jpg,0,0,0,2.668434
/home/soumya/soumya/CarND-Behavioral-Cloning-P3/data/IMG/center_2017_09_01_13_07_55_291.jpg,/home/soumya/soumya/CarND-Behavioral-Cloning-P3/data/IMG/left_2017_09_01_13_07_55_291.jpg,/home/soumya/soumya/CarND-Behavioral-Cloning-P3/data/IMG/right_2017_09_01_13_07_55_291.jpg,0,0,0,2.599378
/home/soumya/soumya/CarND-Behavioral-Cloning-P3/data/IMG/center_2017_09_01_13_07_55_555.jpg,/home/soumya/soumya/CarND-Behavioral-Cloning-P3/data/IMG/left_2017_09_01_13_07_55_555.jpg,/home/soumya/soumya/CarND-Behavioral-Cloning-P3/data/IMG/right_2017_09_01_13_07_55_555.jpg,0,0,0,2.532107
/home/soumya/soumya/CarND-Behavioral-Cloning-P3/data/IMG/center_2017_09_01_13_07_55_820.jpg,/home/soumya/soumya/CarND-Behavioral-Cloning-P3/data/IMG/left_2017_09_01_13_07_55_820.jpg,/home/soumya/soumya/CarND-Behavioral-Cloning-P3/data/IMG/right_2017_09_01_13_07_55_820.jpg,0,0,0,2.461607
/home/soumya/soumya/CarND-Behavioral-Cloning-P3/data/IMG/center_2017_09_01_13_07_56_082.jpg,/home/soumya/soumya/CarND-Behavioral-Cloning-P3/data/IMG/left_2017_09_01_13_07_56_082.jpg,/home/soumya/soumya/CarND-Behavioral-Cloning-P3/data/IMG/right_2017_09_01_13_07_56_082.jpg,0,0,0,2.397775
/home/soumya/soumya/CarND-Behavioral-Cloning-P3/data/IMG/center_2017_09_01_13_07_56_346.jpg,/home/soumya/soumya/CarND-Behavioral-Cloning-P3/data/IMG/left_2017_09_01_13_07_56_346.jpg,/home/soumya/soumya/CarND-Behavioral-Cloning-P3/data/IMG/right_2017_09_01_13_07_56_346.jpg,0,0,0,2.335721
/home/soumya/soumya/CarND-Behavioral-Cloning-P3/data/IMG/center_2017_09_01_13_07_56_614.jpg,/home/soumya/soumya/CarND-Behavioral-Cloning-P3/data/IMG/left_2017_09_01_13_07_56_614.jpg,/home/soumya/soumya/CarND-Behavioral-Cloning-P3/data/IMG/right_2017_09_01_13_07_56_614.jpg,0,0,0,2.275272
/home/soumya/soumya/CarND-Behavioral-Cloning-P3/data/IMG/center_2017_09_01_13_07_56_883.jpg,/home/soumya/soumya/CarND-Behavioral-Cloning-P3/data/IMG/left_2017_09_01_13_07_56_883.jpg,/home/soumya/soumya/CarND-Behavioral-Cloning-P3/data/IMG/right_2017_09_01_13_07_56_883.jpg,0,0,0,2.211919
/home/soumya/soumya/CarND-Behavioral-Cloning-P3/data/IMG/center_2017_09_01_13_07_57_144.jpg,/home/soumya/soumya/CarND-Behavioral-Cloning-P3/data/IMG/left_2017_09_01_13_07_57_144.jpg,/home/soumya/soumya/CarND-Behavioral-Cloning-P3/data/IMG/right_2017_09_01_13_07_57_144.jpg,0,0,0,2.154671
/home/soumya/soumya/CarND-Behavioral-Cloning-P3/data/IMG/center_2017_09_01_13_07_57_402.jpg,/home/soumya/soumya/CarND-Behavioral-Cloning-P3/data/IMG/left_2017_09_01_13_07_57_402.jpg,/home/soumya/soumya/CarND-Behavioral-Cloning-P3/data/IMG/right_2017_09_01_13_07_57_402.jpg,0,0,0,2.098904
/home/soumya/soumya/CarND-Behavioral-Cloning-P3/data/IMG/center_2017_09_01_13_07_57_655.jpg,/home/soumya/soumya/CarND-Behavioral-Cloning-P3/data/IMG/left_2017_09_01_13_07_57_655.jpg,/home/soumya/soumya/CarND-Behavioral-Cloning-P3/data/IMG/right_2017_09_01_13_07_57_655.jpg,0,0.7650089,0,4.236558
/home/soumya/soumya/CarND-Behavioral-Cloning-P3/data/IMG/center_2017_09_01_13_07_57_922.jpg,/home/soumya/soumya/CarND-Behavioral-Cloning-P3/data/IMG/left_2017_09_01_13_07_57_922.jpg,/home/soumya/soumya/CarND-Behavioral-Cloning-P3/data/IMG/right_2017_09_01_13_07_57_922.jpg,0,0,0,4.146408
/home/soumya/soumya/CarND-Behavioral-Cloning-P3/data/IMG/center_2017_09_01_13_07_58_185.jpg,/home/soumya/soumya/CarND-Behavioral-Cloning-P3/data/IMG/left_2017_09_01_13_07_58_185.jpg,/home/soumya/soumya/CarND-Behavioral-Cloning-P3/data/IMG/right_2017_09_01_13_07_58_185.jpg,0,0,0,4.039075
/home/soumya/soumya/CarND-Behavioral-Cloning-P3/data/IMG/center_2017_09_01_13_07_58_456.jpg,/home/soumya/soumya/CarND-Behavioral-Cloning-P3/data/IMG/left_2017_09_01_13_07_58_456.jpg,/home/soumya/soumya/CarND-Behavioral-Cloning-P3/data/IMG/right_2017_09_01_13_07_58_456.jpg,-0.6500001,0,0,3.882007
/home/soumya/soumya/CarND-Behavioral-Cloning-P3/data/IMG/center_2017_09_01_13_07_58_725.jpg,/home/soumya/soumya/CarND-Behavioral-Cloning-P3/data/IMG/left_2017_09_01_13_07_58_725.jpg,/home/soumya/soumya/CarND-Behavioral-Cloning-P3/data/IMG/right_2017_09_01_13_07_58_725.jpg,-0.006470919,0,0,3.740386
/home/soumya/soumya/CarND-Behavioral-Cloning-P3/data/IMG/center_2017_09_01_13_07_58_996.jpg,/home/soumya/soumya/CarND-Behavioral-Cloning-P3/data/IMG/left_2017_09_01_13_07_58_996.jpg,/home/soumya/soumya/CarND-Behavioral-Cloning-P3/data/IMG/right_2017_09_01_13_07_58_996.jpg,0,0,0,3.643576
/home/soumya/soumya/CarND-Behavioral-Cloning-P3/data/IMG/center_2017_09_01_13_07_59_252.jpg,/home/soumya/soumya/CarND-Behavioral-Cloning-P3/data/IMG/left_2017_09_01_13_07_59_252.jpg,/home/soumya/soumya/CarND-Behavioral-Cloning-P3/data/IMG/right_2017_09_01_13_07_59_252.jpg,0,0,0,3.549276
/home/soumya/soumya/CarND-Behavioral-Cloning-P3/data/IMG/center_2017_09_01_13_07_59_520.jpg,/home/soumya/soumya/CarND-Behavioral-Cloning-P3/data/IMG/left_2017_09_01_13_07_59_520.jpg,/home/soumya/soumya/CarND-Behavioral-Cloning-P3/data/IMG/right_2017_09_01_13_07_59_520.jpg,0,0.8031328,0,6.116599
/home/soumya/soumya/CarND-Behavioral-Cloning-P3/data/IMG/center_2017_09_01_13_07_59_768.jpg,/home/soumya/soumya/CarND-Behavioral-Cloning-P3/data/IMG/left_2017_09_01_13_07_59_768.jpg,/home/soumya/soumya/CarND-Behavioral-Cloning-P3/data/IMG/right_2017_09_01_13_07_59_768.jpg,0,1,0,8.835225
/home/soumya/soumya/CarND-Behavioral-Cloning-P3/data/IMG/center_2017_09_01_13_08_00_036.jpg,/home/soumya/soumya/CarND-Behavioral-Cloning-P3/data/IMG/left_2017_09_01_13_08_00_036.jpg,/home/soumya/soumya/CarND-Behavioral-Cloning-P3/data/IMG/right_2017_09_01_13_08_00_036.jpg,0,1,0,11.55633
/home/soumya/soumya/CarND-Behavioral-Cloning-P3/data/IMG/center_2017_09_01_13_08_00_305.jpg,/home/soumya/soumya/CarND-Behavioral-Cloning-P3/data/IMG/left_2017_09_01_13_08_00_305.jpg,/home/soumya/soumya/CarND-Behavioral-Cloning-P3/data/IMG/right_2017_09_01_13_08_00_305.jpg,0,0.1753302,0,11.81094
/home/soumya/soumya/CarND-Behavioral-Cloning-P3/data/IMG/center_2017_09_01_13_08_00_679.jpg,/home/soumya/soumya/CarND-Behavioral-Cloning-P3/data/IMG/left_2017_09_01_13_08_00_679.jpg,/home/soumya/soumya/CarND-Behavioral-Cloning-P3/data/IMG/right_2017_09_01_13_08_00_679.jpg,-0.6500001,0,0,11.56769
/home/soumya/soumya/CarND-Behavioral-Cloning-P3/data/IMG/center_2017_09_01_13_08_00_931.jpg,/home/soumya/soumya/CarND-Behavioral-Cloning-P3/data/IMG/left_2017_09_01_13_08_00_931.jpg,/home/soumya/soumya/CarND-Behavioral-Cloning-P3/data/IMG/right_2017_09_01_13_08_00_931.jpg,-0.03963017,0,0,11.24472
/home/soumya/soumya/CarND-Behavioral-Cloning-P3/data/IMG/center_2017_09_01_13_08_01_074.jpg,/home/soumya/soumya/CarND-Behavioral-Cloning-P3/data/IMG/left_2017_09_01_13_08_01_074.jpg,/home/soumya/soumya/CarND-Behavioral-Cloning-P3/data/IMG/right_2017_09_01_13_08_01_074.jpg,0,0,0,10.98641
/home/soumya/soumya/CarND-Behavioral-Cloning-P3/data/IMG/center_2017_09_01_13_08_01_348.jpg,/home/soumya/soumya/CarND-Behavioral-Cloning-P3/data/IMG/left_2017_09_01_13_08_01_348.jpg,/home/soumya/soumya/CarND-Behavioral-Cloning-P3/data/IMG/right_2017_09_01_13_08_01_348.jpg,-0.7,0,0,10.50844
/home/soumya/soumya/CarND-Behavioral-Cloning-P3/data/IMG/center_2017_09_01_13_08_01_619.jpg,/home/soumya/soumya/CarND-Behavioral-Cloning-P3/data/IMG/left_2017_09_01_13_08_01_619.jpg,/home/soumya/soumya/CarND-Behavioral-Cloning-P3/data/IMG/right_2017_09_01_13_08_01_619.jpg,0,0,0,10.16125
/home/soumya/soumya/CarND-Behavioral-Cloning-P3/data/IMG/center_2017_09_01_13_08_01_878.jpg,/home/soumya/soumya/CarND-Behavioral-Cloning-P3/data/IMG/left_2017_09_01_13_08_01_878.jpg,/home/soumya/soumya/CarND-Behavioral-Cloning-P3/data/IMG/right_2017_09_01_13_08_01_878.jpg,0,0,0,9.898115
/home/soumya/soumya/CarND-Behavioral-Cloning-P3/data/IMG/center_2017_09_01_13_08_02_139.jpg,/home/soumya/soumya/CarND-Behavioral-Cloning-P3/data/IMG/left_2017_09_01_13_08_02_139.jpg,/home/soumya/soumya/CarND-Behavioral-Cloning-P3/data/IMG/right_2017_09_01_13_08_02_139.jpg,-0.6500001,0,0,9.507891
/home/soumya/soumya/CarND-Behavioral-Cloning-P3/data/IMG/center_2017_09_01_13_08_02_410.jpg,/home/soumya/soumya/CarND-Behavioral-Cloning-P3/data/IMG/left_2017_09_01_13_08_02_410.jpg,/home/soumya/soumya/CarND-Behavioral-Cloning-P3/data/IMG/right_2017_09_01_13_08_02_410.jpg,0,0,0,9.182913
/home/soumya/soumya/CarND-Behavioral-Cloning-P3/data/IMG/center_2017_09_01_13_08_02_660.jpg,/home/soumya/soumya/CarND-Behavioral-Cloning-P3/data/IMG/left_2017_09_01_13_08_02_660.jpg,/home/soumya/soumya/CarND-Behavioral-Cloning-P3/data/IMG/right_2017_09_01_13_08_02_660.jpg,0,0,0,8.945176
/home/soumya/soumya/CarND-Behavioral-Cloning-P3/data/IMG/center_2017_09_01_13_08_02_924.jpg,/home/soumya/soumya/CarND-Behavioral-Cloning-P3/data/IMG/left_2017_09_01_13_08_02_924.jpg,/home/soumya/soumya/CarND-Behavioral-Cloning-P3/data/IMG/right_2017_09_01_13_08_02_924.jpg,0,0,0,8.713628
/home/soumya/soumya/CarND-Behavioral-Cloning-P3/data/IMG/center_2017_09_01_13_08_03_183.jpg,/home/soumya/soumya/CarND-Behavioral-Cloning-P3/data/IMG/left_2017_09_01_13_08_03_183.jpg,/home/soumya/soumya/CarND-Behavioral-Cloning-P3/data/IMG/right_2017_09_01_13_08_03_183.jpg,0,0,0,8.488073
/home/soumya/soumya/CarND-Behavioral-Cloning-P3/data/IMG/center_2017_09_01_13_08_03_442.jpg,/home/soumya/soumya/CarND-Behavioral-Cloning-P3/data/IMG/left_2017_09_01_13_08_03_442.jpg,/home/soumya/soumya/CarND-Behavioral-Cloning-P3/data/IMG/right_2017_09_01_13_08_03_442.jpg,0,0,0,8.268359
/home/soumya/soumya/CarND-Behavioral-Cloning-P3/data/IMG/center_2017_09_01_13_08_03_696.jpg,/home/soumya/soumya/CarND-Behavioral-Cloning-P3/data/IMG/left_2017_09_01_13_08_03_696.jpg,/home/soumya/soumya/CarND-Behavioral-Cloning-P3/data/IMG/right_2017_09_01_13_08_03_696.jpg,0,0,0,8.070596
/home/soumya/soumya/CarND-Behavioral-Cloning-P3/data/IMG/center_2017_09_01_13_08_03_963.jpg,/home/soumya/soumya/CarND-Behavioral-Cloning-P3/data/IMG/left_2017_09_01_13_08_03_963.jpg,/home/soumya/soumya/CarND-Behavioral-Cloning-P3/data/IMG/right_2017_09_01_13_08_03_963.jpg,0,0,0,7.845847
/home/soumya/soumya/CarND-Behavioral-Cloning-P3/data/IMG/center_2017_09_01_13_08_04_214.jpg,/home/soumya/soumya/CarND-Behavioral-Cloning-P3/data/IMG/left_2017_09_01_13_08_04_214.jpg,/home/soumya/soumya/CarND-Behavioral-Cloning-P3/data/IMG/right_2017_09_01_13_08_04_214.jpg,0,0,0,7.658192
/home/soumya/soumya/CarND-Behavioral-Cloning-P3/data/IMG/center_2017_09_01_13_08_04_481.jpg,/home/soumya/soumya/CarND-Behavioral-Cloning-P3/data/IMG/left_2017_09_01_13_08_04_481.jpg,/home/soumya/soumya/CarND-Behavioral-Cloning-P3/data/IMG/right_2017_09_01_13_08_04_481.jpg,-0.7,0,0,7.326586
/home/soumya/soumya/CarND-Behavioral-Cloning-P3/data/IMG/center_2017_09_01_13_08_04_733.jpg,/home/soumya/soumya/CarND-Behavioral-Cloning-P3/data/IMG/left_2017_09_01_13_08_04_733.jpg,/home/soumya/soumya/CarND-Behavioral-Cloning-P3/data/IMG/right_2017_09_01_13_08_04_733.jpg,-0.03022242,0,0,7.099349
/home/soumya/soumya/CarND-Behavioral-Cloning-P3/data/IMG/center_2017_09_01_13_08_04_993.jpg,/home/soumya/soumya/CarND-Behavioral-Cloning-P3/data/IMG/left_2017_09_01_13_08_04_993.jpg,/home/soumya/soumya/CarND-Behavioral-Cloning-P3/data/IMG/right_2017_09_01_13_08_04_993.jpg,0,0,0,6.915313
/home/soumya/soumya/CarND-Behavioral-Cloning-P3/data/IMG/center_2017_09_01_13_08_05_259.jpg,/home/soumya/soumya/CarND-Behavioral-Cloning-P3/data/IMG/left_2017_09_01_13_08_05_259.jpg,/home/soumya/soumya/CarND-Behavioral-Cloning-P3/data/IMG/right_2017_09_01_13_08_05_259.jpg,-0.6500001,0,0,6.644076
/home/soumya/soumya/CarND-Behavioral-Cloning-P3/data/IMG/center_2017_09_01_13_08_05_524.jpg,/home/soumya/soumya/CarND-Behavioral-Cloning-P3/data/IMG/left_2017_09_01_13_08_05_524.jpg,/home/soumya/soumya/CarND-Behavioral-Cloning-P3/data/IMG/right_2017_09_01_13_08_05_524.jpg,-0.002088547,0,0,6.409365
/home/soumya/soumya/CarND-Behavioral-Cloning-P3/data/IMG/center_2017_09_01_13_08_05_790.jpg,/home/soumya/soumya/CarND-Behavioral-Cloning-P3/data/IMG/left_2017_09_01_13_08_05_790.jpg,/home/soumya/soumya/CarND-Behavioral-Cloning-P3/data/IMG/right_2017_09_01_13_08_05_790.jpg,0,0,0,6.243465
/home/soumya/soumya/CarND-Behavioral-Cloning-P3/data/IMG/center_2017_09_01_13_08_06_043.jpg,/home/soumya/soumya/CarND-Behavioral-Cloning-P3/data/IMG/left_2017_09_01_13_08_06_043.jpg,/home/soumya/soumya/CarND-Behavioral-Cloning-P3/data/IMG/right_2017_09_01_13_08_06_043.jpg,0,0,0,6.081862
/home/soumya/soumya/CarND-Behavioral-Cloning-P3/data/IMG/center_2017_09_01_13_08_06_321.jpg,/home/soumya/soumya/CarND-Behavioral-Cloning-P3/data/IMG/left_2017_09_01_13_08_06_321.jpg,/home/soumya/soumya/CarND-Behavioral-Cloning-P3/data/IMG/right_2017_09_01_13_08_06_321.jpg,-0.6500001,0,0,5.843734
/home/soumya/soumya/CarND-Behavioral-Cloning-P3/data/IMG/center_2017_09_01_13_08_06_585.jpg,/home/soumya/soumya/CarND-Behavioral-Cloning-P3/data/IMG/left_2017_09_01_13_08_06_585.jpg,/home/soumya/soumya/CarND-Behavioral-Cloning-P3/data/IMG/right_2017_09_01_13_08_06_585.jpg,-0.003668547,0,0,5.635519
/home/soumya/soumya/CarND-Behavioral-Cloning-P3/data/IMG/center_2017_09_01_13_08_06_843.jpg,/home/soumya/soumya/CarND-Behavioral-Cloning-P3/data/IMG/left_2017_09_01_13_08_06_843.jpg,/home/soumya/soumya/CarND-Behavioral-Cloning-P3/data/IMG/right_2017_09_01_13_08_06_843.jpg,0,0,0,5.489652
/home/soumya/soumya/CarND-Behavioral-Cloning-P3/data/IMG/center_2017_09_01_13_08_07_084.jpg,/home/soumya/soumya/CarND-Behavioral-Cloning-P3/data/IMG/left_2017_09_01_13_08_07_084.jpg,/home/soumya/soumya/CarND-Behavioral-Cloning-P3/data/IMG/right_2017_09_01_13_08_07_084.jpg,0,0,0,5.358362
/home/soumya/soumya/CarND-Behavioral-Cloning-P3/data/IMG/center_2017_09_01_13_08_07_346.jpg,/home/soumya/soumya/CarND-Behavioral-Cloning-P3/data/IMG/left_2017_09_01_13_08_07_346.jpg,/home/soumya/soumya/CarND-Behavioral-Cloning-P3/data/IMG/right_2017_09_01_13_08_07_346.jpg,0,0,0,5.219672
/home/soumya/soumya/CarND-Behavioral-Cloning-P3/data/IMG/center_2017_09_01_13_08_07_601.jpg,/home/soumya/soumya/CarND-Behavioral-Cloning-P3/data/IMG/left_2017_09_01_13_08_07_601.jpg,/home/soumya/soumya/CarND-Behavioral-Cloning-P3/data/IMG/right_2017_09_01_13_08_07_601.jpg,0,0,0,5.084572
/home/soumya/soumya/CarND-Behavioral-Cloning-P3/data/IMG/center_2017_09_01_13_08_07_857.jpg,/home/soumya/soumya/CarND-Behavioral-Cloning-P3/data/IMG/left_2017_09_01_13_08_07_857.jpg,/home/soumya/soumya/CarND-Behavioral-Cloning-P3/data/IMG/right_2017_09_01_13_08_07_857.jpg,0,0,0,4.952971
/home/soumya/soumya/CarND-Behavioral-Cloning-P3/data/IMG/center_2017_09_01_13_08_08_113.jpg,/home/soumya/soumya/CarND-Behavioral-Cloning-P3/data/IMG/left_2017_09_01_13_08_08_113.jpg,/home/soumya/soumya/CarND-Behavioral-Cloning-P3/data/IMG/right_2017_09_01_13_08_08_113.jpg,0,0,0,4.834524
/home/soumya/soumya/CarND-Behavioral-Cloning-P3/data/IMG/center_2017_09_01_13_08_08_372.jpg,/home/soumya/soumya/CarND-Behavioral-Cloning-P3/data/IMG/left_2017_09_01_13_08_08_372.jpg,/home/soumya/soumya/CarND-Behavioral-Cloning-P3/data/IMG/right_2017_09_01_13_08_08_372.jpg,0,0,0,4.709395
/home/soumya/soumya/CarND-Behavioral-Cloning-P3/data/IMG/center_2017_09_01_13_08_08_629.jpg,/home/soumya/soumya/CarND-Behavioral-Cloning-P3/data/IMG/left_2017_09_01_13_08_08_629.jpg,/home/soumya/soumya/CarND-Behavioral-Cloning-P3/data/IMG/right_2017_09_01_13_08_08_629.jpg,0,0,0,4.587507
/home/soumya/soumya/CarND-Behavioral-Cloning-P3/data/IMG/center_2017_09_01_13_08_08_890.jpg,/home/soumya/soumya/CarND-Behavioral-Cloning-P3/data/IMG/left_2017_09_01_13_08_08_890.jpg,/home/soumya/soumya/CarND-Behavioral-Cloning-P3/data/IMG/right_2017_09_01_13_08_08_890.jpg,0,0,0,4.468772
/home/soumya/soumya/CarND-Behavioral-Cloning-P3/data/IMG/center_2017_09_01_13_08_09_151.jpg,/home/soumya/soumya/CarND-Behavioral-Cloning-P3/data/IMG/left_2017_09_01_13_08_09_151.jpg,/home/soumya/soumya/CarND-Behavioral-Cloning-P3/data/IMG/right_2017_09_01_13_08_09_151.jpg,0,0,0,4.353111
/home/soumya/soumya/CarND-Behavioral-Cloning-P3/data/IMG/center_2017_09_01_13_08_09_399.jpg,/home/soumya/soumya/CarND-Behavioral-Cloning-P3/data/IMG/left_2017_09_01_13_08_09_399.jpg,/home/soumya/soumya/CarND-Behavioral-Cloning-P3/data/IMG/right_2017_09_01_13_08_09_399.jpg,0,0.7635841,0,6.591059
/home/soumya/soumya/CarND-Behavioral-Cloning-P3/data/IMG/center_2017_09_01_13_08_09_665.jpg,/home/soumya/soumya/CarND-Behavioral-Cloning-P3/data/IMG/left_2017_09_01_13_08_09_665.jpg,/home/soumya/soumya/CarND-Behavioral-Cloning-P3/data/IMG/right_2017_09_01_13_08_09_665.jpg,0,1,0,9.519427
/home/soumya/soumya/CarND-Behavioral-Cloning-P3/data/IMG/center_2017_09_01_13_08_09_949.jpg,/home/soumya/soumya/CarND-Behavioral-Cloning-P3/data/IMG/left_2017_09_01_13_08_09_949.jpg,/home/soumya/soumya/CarND-Behavioral-Cloning-P3/data/IMG/right_2017_09_01_13_08_09_949.jpg,0,0.1617732,0,9.863544
/home/soumya/soumya/CarND-Behavioral-Cloning-P3/data/IMG/center_2017_09_01_13_08_10_206.jpg,/home/soumya/soumya/CarND-Behavioral-Cloning-P3/data/IMG/left_2017_09_01_13_08_10_206.jpg,/home/soumya/soumya/CarND-Behavioral-Cloning-P3/data/IMG/right_2017_09_01_13_08_10_206.jpg,0,0,0,9.621179
/home/soumya/soumya/CarND-Behavioral-Cloning-P3/data/IMG/center_2017_09_01_13_08_10_474.jpg,/home/soumya/soumya/CarND-Behavioral-Cloning-P3/data/IMG/left_2017_09_01_13_08_10_474.jpg,/home/soumya/soumya/CarND-Behavioral-Cloning-P3/data/IMG/right_2017_09_01_13_08_10_474.jpg,-0.6500001,0,0,9.242089
/home/soumya/soumya/CarND-Behavioral-Cloning-P3/data/IMG/center_2017_09_01_13_08_10_744.jpg,/home/soumya/soumya/CarND-Behavioral-Cloning-P3/data/IMG/left_2017_09_01_13_08_10_744.jpg,/home/soumya/soumya/CarND-Behavioral-Cloning-P3/data/IMG/right_2017_09_01_13_08_10_744.jpg,0,0,0,8.925139
/home/soumya/soumya/CarND-Behavioral-Cloning-P3/data/IMG/center_2017_09_01_13_08_11_022.jpg,/home/soumya/soumya/CarND-Behavioral-Cloning-P3/data/IMG/left_2017_09_01_13_08_11_022.jpg,/home/soumya/soumya/CarND-Behavioral-Cloning-P3/data/IMG/right_2017_09_01_13_08_11_022.jpg,0,0,0,8.676569
/home/soumya/soumya/CarND-Behavioral-Cloning-P3/data/IMG/center_2017_09_01_13_08_11_277.jpg,/home/soumya/soumya/CarND-Behavioral-Cloning-P3/data/IMG/left_2017_09_01_13_08_11_277.jpg,/home/soumya/soumya/CarND-Behavioral-Cloning-P3/data/IMG/right_2017_09_01_13_08_11_277.jpg,0,0.767307,0,10.62651
/home/soumya/soumya/CarND-Behavioral-Cloning-P3/data/IMG/center_2017_09_01_13_08_11_539.jpg,/home/soumya/soumya/CarND-Behavioral-Cloning-P3/data/IMG/left_2017_09_01_13_08_11_539.jpg,/home/soumya/soumya/CarND-Behavioral-Cloning-P3/data/IMG/right_2017_09_01_13_08_11_539.jpg,0,1,0,13.38981
/home/soumya/soumya/CarND-Behavioral-Cloning-P3/data/IMG/center_2017_09_01_13_08_11_926.jpg,/home/soumya/soumya/CarND-Behavioral-Cloning-P3/data/IMG/left_2017_09_01_13_08_11_926.jpg,/home/soumya/soumya/CarND-Behavioral-Cloning-P3/data/IMG/right_2017_09_01_13_08_11_926.jpg,0,1,0,16.29313
/home/soumya/soumya/CarND-Behavioral-Cloning-P3/data/IMG/center_2017_09_01_13_08_12_076.jpg,/home/soumya/soumya/CarND-Behavioral-Cloning-P3/data/IMG/left_2017_09_01_13_08_12_076.jpg,/home/soumya/soumya/CarND-Behavioral-Cloning-P3/data/IMG/right_2017_09_01_13_08_12_076.jpg,0,1,0,19.19296
/home/soumya/soumya/CarND-Behavioral-Cloning-P3/data/IMG/center_2017_09_01_13_08_12_343.jpg,/home/soumya/soumya/CarND-Behavioral-Cloning-P3/data/IMG/left_2017_09_01_13_08_12_343.jpg,/home/soumya/soumya/CarND-Behavioral-Cloning-P3/data/IMG/right_2017_09_01_13_08_12_343.jpg,0,0.1975303,0,19.44197
/home/soumya/soumya/CarND-Behavioral-Cloning-P3/data/IMG/center_2017_09_01_13_08_12_598.jpg,/home/soumya/soumya/CarND-Behavioral-Cloning-P3/data/IMG/left_2017_09_01_13_08_12_598.jpg,/home/soumya/soumya/CarND-Behavioral-Cloning-P3/data/IMG/right_2017_09_01_13_08_12_598.jpg,0,0,0,19.07723
/home/soumya/soumya/CarND-Behavioral-Cloning-P3/data/IMG/center_2017_09_01_13_08_12_857.jpg,/home/soumya/soumya/CarND-Behavioral-Cloning-P3/data/IMG/left_2017_09_01_13_08_12_857.jpg,/home/soumya/soumya/CarND-Behavioral-Cloning-P3/data/IMG/right_2017_09_01_13_08_12_857.jpg,0,0,0,18.13463
/home/soumya/soumya/CarND-Behavioral-Cloning-P3/data/IMG/center_2017_09_01_13_08_13_119.jpg,/home/soumya/soumya/CarND-Behavioral-Cloning-P3/data/IMG/left_2017_09_01_13_08_13_119.jpg,/home/soumya/soumya/CarND-Behavioral-Cloning-P3/data/IMG/right_2017_09_01_13_08_13_119.jpg,0,0,0,18.15903
/home/soumya/soumya/CarND-Behavioral-Cloning-P3/data/IMG/center_2017_09_01_13_08_13_379.jpg,/home/soumya/soumya/CarND-Behavioral-Cloning-P3/data/IMG/left_2017_09_01_13_08_13_379.jpg,/home/soumya/soumya/CarND-Behavioral-Cloning-P3/data/IMG/right_2017_09_01_13_08_13_379.jpg,-0.7,0,0,17.36973
/home/soumya/soumya/CarND-Behavioral-Cloning-P3/data/IMG/center_2017_09_01_13_08_13_757.jpg,/home/soumya/soumya/CarND-Behavioral-Cloning-P3/data/IMG/left_2017_09_01_13_08_13_757.jpg,/home/soumya/soumya/CarND-Behavioral-Cloning-P3/data/IMG/right_2017_09_01_13_08_13_757.jpg,0,0,0,16.34827
/home/soumya/soumya/CarND-Behavioral-Cloning-P3/data/IMG/center_2017_09_01_13_08_14_023.jpg,/home/soumya/soumya/CarND-Behavioral-Cloning-P3/data/IMG/left_2017_09_01_13_08_14_023.jpg,/home/soumya/soumya/CarND-Behavioral-Cloning-P3/data/IMG/right_2017_09_01_13_08_14_023.jpg,0,0,0,16.45944
/home/soumya/soumya/CarND-Behavioral-Cloning-P3/data/IMG/center_2017_09_01_13_08_14_289.jpg,/home/soumya/soumya/CarND-Behavioral-Cloning-P3/data/IMG/left_2017_09_01_13_08_14_289.jpg,/home/soumya/soumya/CarND-Behavioral-Cloning-P3/data/IMG/right_2017_09_01_13_08_14_289.jpg,-0.6500001,0,0,15.30677
/home/soumya/soumya/CarND-Behavioral-Cloning-P3/data/IMG/center_2017_09_01_13_08_14_555.jpg,/home/soumya/soumya/CarND-Behavioral-Cloning-P3/data/IMG/left_2017_09_01_13_08_14_555.jpg,/home/soumya/soumya/CarND-Behavioral-Cloning-P3/data/IMG/right_2017_09_01_13_08_14_555.jpg,-0.04069448,0,0,15.4039
/home/soumya/soumya/CarND-Behavioral-Cloning-P3/data/IMG/center_2017_09_01_13_08_14_814.jpg,/home/soumya/soumya/CarND-Behavioral-Cloning-P3/data/IMG/left_2017_09_01_13_08_14_814.jpg,/home/soumya/soumya/CarND-Behavioral-Cloning-P3/data/IMG/right_2017_09_01_13_08_14_814.jpg,0,0,0,14.99632
/home/soumya/soumya/CarND-Behavioral-Cloning-P3/data/IMG/center_2017_09_01_13_08_15_063.jpg,/home/soumya/soumya/CarND-Behavioral-Cloning-P3/data/IMG/left_2017_09_01_13_08_15_063.jpg,/home/soumya/soumya/CarND-Behavioral-Cloning-P3/data/IMG/right_2017_09_01_13_08_15_063.jpg,0,0.7333503,0,16.48209
/home/soumya/soumya/CarND-Behavioral-Cloning-P3/data/IMG/center_2017_09_01_13_08_15_315.jpg,/home/soumya/soumya/CarND-Behavioral-Cloning-P3/data/IMG/left_2017_09_01_13_08_15_315.jpg,/home/soumya/soumya/CarND-Behavioral-Cloning-P3/data/IMG/right_2017_09_01_13_08_15_315.jpg,0,0,0,15.9761
/home/soumya/soumya/CarND-Behavioral-Cloning-P3/data/IMG/center_2017_09_01_13_08_15_468.jpg,/home/soumya/soumya/CarND-Behavioral-Cloning-P3/data/IMG/left_2017_09_01_13_08_15_468.jpg,/home/soumya/soumya/CarND-Behavioral-Cloning-P3/data/IMG/right_2017_09_01_13_08_15_468.jpg,0.6500001,0,0,15.41027
/home/soumya/soumya/CarND-Behavioral-Cloning-P3/data/IMG/center_2017_09_01_13_08_15_831.jpg,/home/soumya/soumya/CarND-Behavioral-Cloning-P3/data/IMG/left_2017_09_01_13_08_15_831.jpg,/home/soumya/soumya/CarND-Behavioral-Cloning-P3/data/IMG/right_2017_09_01_13_08_15_831.jpg,0.01051712,0,0,14.93639
/home/soumya/soumya/CarND-Behavioral-Cloning-P3/data/IMG/center_2017_09_01_13_08_16_088.jpg,/home/soumya/soumya/CarND-Behavioral-Cloning-P3/data/IMG/left_2017_09_01_13_08_16_088.jpg,/home/soumya/soumya/CarND-Behavioral-Cloning-P3/data/IMG/right_2017_09_01_13_08_16_088.jpg,0,0,0,14.60943
/home/soumya/soumya/CarND-Behavioral-Cloning-P3/data/IMG/center_2017_09_01_13_08_16_353.jpg,/home/soumya/soumya/CarND-Behavioral-Cloning-P3/data/IMG/left_2017_09_01_13_08_16_353.jpg,/home/soumya/soumya/CarND-Behavioral-Cloning-P3/data/IMG/right_2017_09_01_13_08_16_353.jpg,0,0,0,14.26104
/home/soumya/soumya/CarND-Behavioral-Cloning-P3/data/IMG/center_2017_09_01_13_08_16_614.jpg,/home/soumya/soumya/CarND-Behavioral-Cloning-P3/data/IMG/left_2017_09_01_13_08_16_614.jpg,/home/soumya/soumya/CarND-Behavioral-Cloning-P3/data/IMG/right_2017_09_01_13_08_16_614.jpg,0,0,0,13.85806
/home/soumya/soumya/CarND-Behavioral-Cloning-P3/data/IMG/center_2017_09_01_13_08_16_881.jpg,/home/soumya/soumya/CarND-Behavioral-Cloning-P3/data/IMG/left_2017_09_01_13_08_16_881.jpg,/home/soumya/soumya/CarND-Behavioral-Cloning-P3/data/IMG/right_2017_09_01_13_08_16_881.jpg,0,0,0,13.51653
/home/soumya/soumya/CarND-Behavioral-Cloning-P3/data/IMG/center_2017_09_01_13_08_17_147.jpg,/home/soumya/soumya/CarND-Behavioral-Cloning-P3/data/IMG/left_2017_09_01_13_08_17_147.jpg,/home/soumya/soumya/CarND-Behavioral-Cloning-P3/data/IMG/right_2017_09_01_13_08_17_147.jpg,0,0,0,13.15576
/home/soumya/soumya/CarND-Behavioral-Cloning-P3/data/IMG/center_2017_09_01_13_08_17_407.jpg,/home/soumya/soumya/CarND-Behavioral-Cloning-P3/data/IMG/left_2017_09_01_13_08_17_407.jpg,/home/soumya/soumya/CarND-Behavioral-Cloning-P3/data/IMG/right_2017_09_01_13_08_17_407.jpg,-0.6500001,0,0,12.5387
/home/soumya/soumya/CarND-Behavioral-Cloning-P3/data/IMG/center_2017_09_01_13_08_17_674.jpg,/home/soumya/soumya/CarND-Behavioral-Cloning-P3/data/IMG/left_2017_09_01_13_08_17_674.jpg,/home/soumya/soumya/CarND-Behavioral-Cloning-P3/data/IMG/right_2017_09_01_13_08_17_674.jpg,-0.05421853,0,0,12.27079
/home/soumya/soumya/CarND-Behavioral-Cloning-P3/data/IMG/center_2017_09_01_13_08_17_941.jpg,/home/soumya/soumya/CarND-Behavioral-Cloning-P3/data/IMG/left_2017_09_01_13_08_17_941.jpg,/home/soumya/soumya/CarND-Behavioral-Cloning-P3/data/IMG/right_2017_09_01_13_08_17_941.jpg,0,0,0,11.88033
/home/soumya/soumya/CarND-Behavioral-Cloning-P3/data/IMG/center_2017_09_01_13_08_18_207.jpg,/home/soumya/soumya/CarND-Behavioral-Cloning-P3/data/IMG/left_2017_09_01_13_08_18_207.jpg,/home/soumya/soumya/CarND-Behavioral-Cloning-P3/data/IMG/right_2017_09_01_13_08_18_207.jpg,0,0.8046691,0,14.15641
/home/soumya/soumya/CarND-Behavioral-Cloning-P3/data/IMG/center_2017_09_01_13_08_18_475.jpg,/home/soumya/soumya/CarND-Behavioral-Cloning-P3/data/IMG/left_2017_09_01_13_08_18_475.jpg,/home/soumya/soumya/CarND-Behavioral-Cloning-P3/data/IMG/right_2017_09_01_13_08_18_475.jpg,0,0.002840996,0,13.59966
/home/soumya/soumya/CarND-Behavioral-Cloning-P3/data/IMG/center_2017_09_01_13_08_18_745.jpg,/home/soumya/soumya/CarND-Behavioral-Cloning-P3/data/IMG/left_2017_09_01_13_08_18_745.jpg,/home/soumya/soumya/CarND-Behavioral-Cloning-P3/data/IMG/right_2017_09_01_13_08_18_745.jpg,0.7,0,0,13.02321
/home/soumya/soumya/CarND-Behavioral-Cloning-P3/data/IMG/center_2017_09_01_13_08_19_003.jpg,/home/soumya/soumya/CarND-Behavioral-Cloning-P3/data/IMG/left_2017_09_01_13_08_19_003.jpg,/home/soumya/soumya/CarND-Behavioral-Cloning-P3/data/IMG/right_2017_09_01_13_08_19_003.jpg,0.05003071,0,0,12.93731
/home/soumya/soumya/CarND-Behavioral-Cloning-P3/data/IMG/center_2017_09_01_13_08_19_267.jpg,/home/soumya/soumya/CarND-Behavioral-Cloning-P3/data/IMG/left_2017_09_01_13_08_19_267.jpg,/home/soumya/soumya/CarND-Behavioral-Cloning-P3/data/IMG/right_2017_09_01_13_08_19_267.jpg,0,0,0,12.41626
/home/soumya/soumya/CarND-Behavioral-Cloning-P3/data/IMG/center_2017_09_01_13_08_19_537.jpg,/home/soumya/soumya/CarND-Behavioral-Cloning-P3/data/IMG/left_2017_09_01_13_08_19_537.jpg,/home/soumya/soumya/CarND-Behavioral-Cloning-P3/data/IMG/right_2017_09_01_13_08_19_537.jpg,0,0,0,11.92148
/home/soumya/soumya/CarND-Behavioral-Cloning-P3/data/IMG/center_2017_09_01_13_08_19_805.jpg,/home/soumya/soumya/CarND-Behavioral-Cloning-P3/data/IMG/left_2017_09_01_13_08_19_805.jpg,/home/soumya/soumya/CarND-Behavioral-Cloning-P3/data/IMG/right_2017_09_01_13_08_19_805.jpg,0,0.8146141,0,14.30136
/home/soumya/soumya/CarND-Behavioral-Cloning-P3/data/IMG/center_2017_09_01_13_08_20_064.jpg,/home/soumya/soumya/CarND-Behavioral-Cloning-P3/data/IMG/left_2017_09_01_13_08_20_064.jpg,/home/soumya/soumya/CarND-Behavioral-Cloning-P3/data/IMG/right_2017_09_01_13_08_20_064.jpg,-0.6500001,0.03408337,0,13.7128
/home/soumya/soumya/CarND-Behavioral-Cloning-P3/data/IMG/center_2017_09_01_13_08_20_333.jpg,/home/soumya/soumya/CarND-Behavioral-Cloning-P3/data/IMG/left_2017_09_01_13_08_20_333.jpg,/home/soumya/soumya/CarND-Behavioral-Cloning-P3/data/IMG/right_2017_09_01_13_08_20_333.jpg,0,0,0,13.25646
/home/soumya/soumya/CarND-Behavioral-Cloning-P3/data/IMG/center_2017_09_01_13_08_20_595.jpg,/home/soumya/soumya/CarND-Behavioral-Cloning-P3/data/IMG/left_2017_09_01_13_08_20_595.jpg,/home/soumya/soumya/CarND-Behavioral-Cloning-P3/data/IMG/right_2017_09_01_13_08_20_595.jpg,0,0,0,13.14182
/home/soumya/soumya/CarND-Behavioral-Cloning-P3/data/IMG/center_2017_09_01_13_08_20_860.jpg,/home/soumya/soumya/CarND-Behavioral-Cloning-P3/data/IMG/left_2017_09_01_13_08_20_860.jpg,/home/soumya/soumya/CarND-Behavioral-Cloning-P3/data/IMG/right_2017_09_01_13_08_20_860.jpg,-0.6500001,0,0,12.41612
/home/soumya/soumya/CarND-Behavioral-Cloning-P3/data/IMG/center_2017_09_01_13_08_21_133.jpg,/home/soumya/soumya/CarND-Behavioral-Cloning-P3/data/IMG/left_2017_09_01_13_08_21_133.jpg,/home/soumya/soumya/CarND-Behavioral-Cloning-P3/data/IMG/right_2017_09_01_13_08_21_133.jpg,0,0,0,12.32547
/home/soumya/soumya/CarND-Behavioral-Cloning-P3/data/IMG/center_2017_09_01_13_08_21_387.jpg,/home/soumya/soumya/CarND-Behavioral-Cloning-P3/data/IMG/left_2017_09_01_13_08_21_387.jpg,/home/soumya/soumya/CarND-Behavioral-Cloning-P3/data/IMG/right_2017_09_01_13_08_21_387.jpg,0,0,0,11.88571
/home/soumya/soumya/CarND-Behavioral-Cloning-P3/data/IMG/center_2017_09_01_13_08_21_646.jpg,/home/soumya/soumya/CarND-Behavioral-Cloning-P3/data/IMG/left_2017_09_01_13_08_21_646.jpg,/home/soumya/soumya/CarND-Behavioral-Cloning-P3/data/IMG/right_2017_09_01_13_08_21_646.jpg,-0.6500001,0,0,11.25544
/home/soumya/soumya/CarND-Behavioral-Cloning-P3/data/IMG/center_2017_09_01_13_08_21_911.jpg,/home/soumya/soumya/CarND-Behavioral-Cloning-P3/data/IMG/left_2017_09_01_13_08_21_911.jpg,/home/soumya/soumya/CarND-Behavioral-Cloning-P3/data/IMG/right_2017_09_01_13_08_21_911.jpg,0,0,0,11.01719
/home/soumya/soumya/CarND-Behavioral-Cloning-P3/data/IMG/center_2017_09_01_13_08_22_068.jpg,/home/soumya/soumya/CarND-Behavioral-Cloning-P3/data/IMG/left_2017_09_01_13_08_22_068.jpg,/home/soumya/soumya/CarND-Behavioral-Cloning-P3/data/IMG/right_2017_09_01_13_08_22_068.jpg,0,0,0,10.73345
/home/soumya/soumya/CarND-Behavioral-Cloning-P3/data/IMG/center_2017_09_01_13_08_22_321.jpg,/home/soumya/soumya/CarND-Behavioral-Cloning-P3/data/IMG/left_2017_09_01_13_08_22_321.jpg,/home/soumya/soumya/CarND-Behavioral-Cloning-P3/data/IMG/right_2017_09_01_13_08_22_321.jpg,0,0,0,10.45659
/home/soumya/soumya/CarND-Behavioral-Cloning-P3/data/IMG/center_2017_09_01_13_08_22_580.jpg,/home/soumya/soumya/CarND-Behavioral-Cloning-P3/data/IMG/left_2017_09_01_13_08_22_580.jpg,/home/soumya/soumya/CarND-Behavioral-Cloning-P3/data/IMG/right_2017_09_01_13_08_22_580.jpg,0,0,0,10.18657
/home/soumya/soumya/CarND-Behavioral-Cloning-P3/data/IMG/center_2017_09_01_13_08_22_844.jpg,/home/soumya/soumya/CarND-Behavioral-Cloning-P3/data/IMG/left_2017_09_01_13_08_22_844.jpg,/home/soumya/soumya/CarND-Behavioral-Cloning-P3/data/IMG/right_2017_09_01_13_08_22_844.jpg,0,0,0,9.922947
/home/soumya/soumya/CarND-Behavioral-Cloning-P3/data/IMG/center_2017_09_01_13_08_23_105.jpg,/home/soumya/soumya/CarND-Behavioral-Cloning-P3/data/IMG/left_2017_09_01_13_08_23_105.jpg,/home/soumya/soumya/CarND-Behavioral-Cloning-P3/data/IMG/right_2017_09_01_13_08_23_105.jpg,0,0,0,9.666062
/home/soumya/soumya/CarND-Behavioral-Cloning-P3/data/IMG/center_2017_09_01_13_08_23_378.jpg,/home/soumya/soumya/CarND-Behavioral-Cloning-P3/data/IMG/left_2017_09_01_13_08_23_378.jpg,/home/soumya/soumya/CarND-Behavioral-Cloning-P3/data/IMG/right_2017_09_01_13_08_23_378.jpg,0,0.8169422,0,11.52064
/home/soumya/soumya/CarND-Behavioral-Cloning-P3/data/IMG/center_2017_09_01_13_08_23_745.jpg,/home/soumya/soumya/CarND-Behavioral-Cloning-P3/data/IMG/left_2017_09_01_13_08_23_745.jpg,/home/soumya/soumya/CarND-Behavioral-Cloning-P3/data/IMG/right_2017_09_01_13_08_23_745.jpg,0,1,0,14.74779
/home/soumya/soumya/CarND-Behavioral-Cloning-P3/data/IMG/center_2017_09_01_13_08_23_901.jpg,/home/soumya/soumya/CarND-Behavioral-Cloning-P3/data/IMG/left_2017_09_01_13_08_23_901.jpg,/home/soumya/soumya/CarND-Behavioral-Cloning-P3/data/IMG/right_2017_09_01_13_08_23_901.jpg,0,1,0,17.72376
/home/soumya/soumya/CarND-Behavioral-Cloning-P3/data/IMG/center_2017_09_01_13_08_24_166.jpg,/home/soumya/soumya/CarND-Behavioral-Cloning-P3/data/IMG/left_2017_09_01_13_08_24_166.jpg,/home/soumya/soumya/CarND-Behavioral-Cloning-P3/data/IMG/right_2017_09_01_13_08_24_166.jpg,0,1,0,20.24125
/home/soumya/soumya/CarND-Behavioral-Cloning-P3/data/IMG/center_2017_09_01_13_08_24_432.jpg,/home/soumya/soumya/CarND-Behavioral-Cloning-P3/data/IMG/left_2017_09_01_13_08_24_432.jpg,/home/soumya/soumya/CarND-Behavioral-Cloning-P3/data/IMG/right_2017_09_01_13_08_24_432.jpg,0,1,0,22.89777
/home/soumya/soumya/CarND-Behavioral-Cloning-P3/data/IMG/center_2017_09_01_13_08_24_691.jpg,/home/soumya/soumya/CarND-Behavioral-Cloning-P3/data/IMG/left_2017_09_01_13_08_24_691.jpg,/home/soumya/soumya/CarND-Behavioral-Cloning-P3/data/IMG/right_2017_09_01_13_08_24_691.jpg,0,0.2193999,0,23.10263
/home/soumya/soumya/CarND-Behavioral-Cloning-P3/data/IMG/center_2017_09_01_13_08_24_973.jpg,/home/soumya/soumya/CarND-Behavioral-Cloning-P3/data/IMG/left_2017_09_01_13_08_24_973.jpg,/home/soumya/soumya/CarND-Behavioral-Cloning-P3/data/IMG/right_2017_09_01_13_08_24_973.jpg,0,0,0,22.47375
/home/soumya/soumya/CarND-Behavioral-Cloning-P3/data/IMG/center_2017_09_01_13_08_25_246.jpg,/home/soumya/soumya/CarND-Behavioral-Cloning-P3/data/IMG/left_2017_09_01_13_08_25_246.jpg,/home/soumya/soumya/CarND-Behavioral-Cloning-P3/data/IMG/right_2017_09_01_13_08_25_246.jpg,0,0,0,21.84779
/home/soumya/soumya/CarND-Behavioral-Cloning-P3/data/IMG/center_2017_09_01_13_08_25_521.jpg,/home/soumya/soumya/CarND-Behavioral-Cloning-P3/data/IMG/left_2017_09_01_13_08_25_521.jpg,/home/soumya/soumya/CarND-Behavioral-Cloning-P3/data/IMG/right_2017_09_01_13_08_25_521.jpg,0,0,0,21.23918
/home/soumya/soumya/CarND-Behavioral-Cloning-P3/data/IMG/center_2017_09_01_13_08_25_793.jpg,/home/soumya/soumya/CarND-Behavioral-Cloning-P3/data/IMG/left_2017_09_01_13_08_25_793.jpg,/home/soumya/soumya/CarND-Behavioral-Cloning-P3/data/IMG/right_2017_09_01_13_08_25_793.jpg,0,0,0,20.68924
/home/soumya/soumya/CarND-Behavioral-Cloning-P3/data/IMG/center_2017_09_01_13_08_26_067.jpg,/home/soumya/soumya/CarND-Behavioral-Cloning-P3/data/IMG/left_2017_09_01_13_08_26_067.jpg,/home/soumya/soumya/CarND-Behavioral-Cloning-P3/data/IMG/right_2017_09_01_13_08_26_067.jpg,0,0,0,20.11291
/home/soumya/soumya/CarND-Behavioral-Cloning-P3/data/IMG/center_2017_09_01_13_08_26_331.jpg,/home/soumya/soumya/CarND-Behavioral-Cloning-P3/data/IMG/left_2017_09_01_13_08_26_331.jpg,/home/soumya/soumya/CarND-Behavioral-Cloning-P3/data/IMG/right_2017_09_01_13_08_26_331.jpg,0,0,0,19.5921
/home/soumya/soumya/CarND-Behavioral-Cloning-P3/data/IMG/center_2017_09_01_13_08_26_596.jpg,/home/soumya/soumya/CarND-Behavioral-Cloning-P3/data/IMG/left_2017_09_01_13_08_26_596.jpg,/home/soumya/soumya/CarND-Behavioral-Cloning-P3/data/IMG/right_2017_09_01_13_08_26_596.jpg,0,0,0,19.08499
/home/soumya/soumya/CarND-Behavioral-Cloning-P3/data/IMG/center_2017_09_01_13_08_26_863.jpg,/home/soumya/soumya/CarND-Behavioral-Cloning-P3/data/IMG/left_2017_09_01_13_08_26_863.jpg,/home/soumya/soumya/CarND-Behavioral-Cloning-P3/data/IMG/right_2017_09_01_13_08_26_863.jpg,0,0,0,18.55483
/home/soumya/soumya/CarND-Behavioral-Cloning-P3/data/IMG/center_2017_09_01_13_08_27_125.jpg,/home/soumya/soumya/CarND-Behavioral-Cloning-P3/data/IMG/left_2017_09_01_13_08_27_125.jpg,/home/soumya/soumya/CarND-Behavioral-Cloning-P3/data/IMG/right_2017_09_01_13_08_27_125.jpg,-0.6500001,0,0,17.74482
/home/soumya/soumya/CarND-Behavioral-Cloning-P3/data/IMG/center_2017_09_01_13_08_27_392.jpg,/home/soumya/soumya/CarND-Behavioral-Cloning-P3/data/IMG/left_2017_09_01_13_08_27_392.jpg,/home/soumya/soumya/CarND-Behavioral-Cloning-P3/data/IMG/right_2017_09_01_13_08_27_392.jpg,0,0,0,17.52225
/home/soumya/soumya/CarND-Behavioral-Cloning-P3/data/IMG/center_2017_09_01_13_08_27_783.jpg,/home/soumya/soumya/CarND-Behavioral-Cloning-P3/data/IMG/left_2017_09_01_13_08_27_783.jpg,/home/soumya/soumya/CarND-Behavioral-Cloning-P3/data/IMG/right_2017_09_01_13_08_27_783.jpg,0,0,0,17.04225
/home/soumya/soumya/CarND-Behavioral-Cloning-P3/data/IMG/center_2017_09_01_13_08_28_045.jpg,/home/soumya/soumya/CarND-Behavioral-Cloning-P3/data/IMG/left_2017_09_01_13_08_28_045.jpg,/home/soumya/soumya/CarND-Behavioral-Cloning-P3/data/IMG/right_2017_09_01_13_08_28_045.jpg,0,0,0,16.06197
/home/soumya/soumya/CarND-Behavioral-Cloning-P3/data/IMG/center_2017_09_01_13_08_28_319.jpg,/home/soumya/soumya/CarND-Behavioral-Cloning-P3/data/IMG/left_2017_09_01_13_08_28_319.jpg,/home/soumya/soumya/CarND-Behavioral-Cloning-P3/data/IMG/right_2017_09_01_13_08_28_319.jpg,0,0,0,15.62627
/home/soumya/soumya/CarND-Behavioral-Cloning-P3/data/IMG/center_2017_09_01_13_08_28_581.jpg,/home/soumya/soumya/CarND-Behavioral-Cloning-P3/data/IMG/left_2017_09_01_13_08_28_581.jpg,/home/soumya/soumya/CarND-Behavioral-Cloning-P3/data/IMG/right_2017_09_01_13_08_28_581.jpg,0,0,0,15.76748
/home/soumya/soumya/CarND-Behavioral-Cloning-P3/data/IMG/center_2017_09_01_13_08_28_847.jpg,/home/soumya/soumya/CarND-Behavioral-Cloning-P3/data/IMG/left_2017_09_01_13_08_28_847.jpg,/home/soumya/soumya/CarND-Behavioral-Cloning-P3/data/IMG/right_2017_09_01_13_08_28_847.jpg,0,0,0,14.8501
/home/soumya/soumya/CarND-Behavioral-Cloning-P3/data/IMG/center_2017_09_01_13_08_29_105.jpg,/home/soumya/soumya/CarND-Behavioral-Cloning-P3/data/IMG/left_2017_09_01_13_08_29_105.jpg,/home/soumya/soumya/CarND-Behavioral-Cloning-P3/data/IMG/right_2017_09_01_13_08_29_105.jpg,0,0,0,14.97766
/home/soumya/soumya/CarND-Behavioral-Cloning-P3/data/IMG/center_2017_09_01_13_08_29_368.jpg,/home/soumya/soumya/CarND-Behavioral-Cloning-P3/data/IMG/left_2017_09_01_13_08_29_368.jpg,/home/soumya/soumya/CarND-Behavioral-Cloning-P3/data/IMG/right_2017_09_01_13_08_29_368.jpg,0,0,0,14.56743
/home/soumya/soumya/CarND-Behavioral-Cloning-P3/data/IMG/center_2017_09_01_13_08_29_626.jpg,/home/soumya/soumya/CarND-Behavioral-Cloning-P3/data/IMG/left_2017_09_01_13_08_29_626.jpg,/home/soumya/soumya/CarND-Behavioral-Cloning-P3/data/IMG/right_2017_09_01_13_08_29_626.jpg,0,0,0,14.21712
/home/soumya/soumya/CarND-Behavioral-Cloning-P3/data/IMG/center_2017_09_01_13_08_29_895.jpg,/home/soumya/soumya/CarND-Behavioral-Cloning-P3/data/IMG/left_2017_09_01_13_08_29_895.jpg,/home/soumya/soumya/CarND-Behavioral-Cloning-P3/data/IMG/right_2017_09_01_13_08_29_895.jpg,0,0,0,13.80635
/home/soumya/soumya/CarND-Behavioral-Cloning-P3/data/IMG/center_2017_09_01_13_08_30_163.jpg,/home/soumya/soumya/CarND-Behavioral-Cloning-P3/data/IMG/left_2017_09_01_13_08_30_163.jpg,/home/soumya/soumya/CarND-Behavioral-Cloning-P3/data/IMG/right_2017_09_01_13_08_30_163.jpg,0,0,0,12.94944
/home/soumya/soumya/CarND-Behavioral-Cloning-P3/data/IMG/center_2017_09_01_13_08_30_427.jpg,/home/soumya/soumya/CarND-Behavioral-Cloning-P3/data/IMG/left_2017_09_01_13_08_30_427.jpg,/home/soumya/soumya/CarND-Behavioral-Cloning-P3/data/IMG/right_2017_09_01_13_08_30_427.jpg,0,0,0,13.07381
/home/soumya/soumya/CarND-Behavioral-Cloning-P3/data/IMG/center_2017_09_01_13_08_30_703.jpg,/home/soumya/soumya/CarND-Behavioral-Cloning-P3/data/IMG/left_2017_09_01_13_08_30_703.jpg,/home/soumya/soumya/CarND-Behavioral-Cloning-P3/data/IMG/right_2017_09_01_13_08_30_703.jpg,0,0,0,12.16713
/home/soumya/soumya/CarND-Behavioral-Cloning-P3/data/IMG/center_2017_09_01_13_08_30_962.jpg,/home/soumya/soumya/CarND-Behavioral-Cloning-P3/data/IMG/left_2017_09_01_13_08_30_962.jpg,/home/soumya/soumya/CarND-Behavioral-Cloning-P3/data/IMG/right_2017_09_01_13_08_30_962.jpg,0,0,0,11.81152
/home/soumya/soumya/CarND-Behavioral-Cloning-P3/data/IMG/center_2017_09_01_13_08_31_219.jpg,/home/soumya/soumya/CarND-Behavioral-Cloning-P3/data/IMG/left_2017_09_01_13_08_31_219.jpg,/home/soumya/soumya/CarND-Behavioral-Cloning-P3/data/IMG/right_2017_09_01_13_08_31_219.jpg,0,0,0,12.03706
/home/soumya/soumya/CarND-Behavioral-Cloning-P3/data/IMG/center_2017_09_01_13_08_31_481.jpg,/home/soumya/soumya/CarND-Behavioral-Cloning-P3/data/IMG/left_2017_09_01_13_08_31_481.jpg,/home/soumya/soumya/CarND-Behavioral-Cloning-P3/data/IMG/right_2017_09_01_13_08_31_481.jpg,0,0,0,11.18345
/home/soumya/soumya/CarND-Behavioral-Cloning-P3/data/IMG/center_2017_09_01_13_08_31_744.jpg,/home/soumya/soumya/CarND-Behavioral-Cloning-P3/data/IMG/left_2017_09_01_13_08_31_744.jpg,/home/soumya/soumya/CarND-Behavioral-Cloning-P3/data/IMG/right_2017_09_01_13_08_31_744.jpg,0,0,0,11.24068
/home/soumya/soumya/CarND-Behavioral-Cloning-P3/data/IMG/center_2017_09_01_13_08_32_008.jpg,/home/soumya/soumya/CarND-Behavioral-Cloning-P3/data/IMG/left_2017_09_01_13_08_32_008.jpg,/home/soumya/soumya/CarND-Behavioral-Cloning-P3/data/IMG/right_2017_09_01_13_08_32_008.jpg,0,0,0,10.97147
/home/soumya/soumya/CarND-Behavioral-Cloning-P3/data/IMG/center_2017_09_01_13_08_32_276.jpg,/home/soumya/soumya/CarND-Behavioral-Cloning-P3/data/IMG/left_2017_09_01_13_08_32_276.jpg,/home/soumya/soumya/CarND-Behavioral-Cloning-P3/data/IMG/right_2017_09_01_13_08_32_276.jpg,0,0.7924948,0,13.19099
/home/soumya/soumya/CarND-Behavioral-Cloning-P3/data/IMG/center_2017_09_01_13_08_32_552.jpg,/home/soumya/soumya/CarND-Behavioral-Cloning-P3/data/IMG/left_2017_09_01_13_08_32_552.jpg,/home/soumya/soumya/CarND-Behavioral-Cloning-P3/data/IMG/right_2017_09_01_13_08_32_552.jpg,0,0,0,12.95757
/home/soumya/soumya/CarND-Behavioral-Cloning-P3/data/IMG/center_2017_09_01_13_08_32_811.jpg,/home/soumya/soumya/CarND-Behavioral-Cloning-P3/data/IMG/left_2017_09_01_13_08_32_811.jpg,/home/soumya/soumya/CarND-Behavioral-Cloning-P3/data/IMG/right_2017_09_01_13_08_32_811.jpg,0,0,0,12.35984
/home/soumya/soumya/CarND-Behavioral-Cloning-P3/data/IMG/center_2017_09_01_13_08_33_083.jpg,/home/soumya/soumya/CarND-Behavioral-Cloning-P3/data/IMG/left_2017_09_01_13_08_33_083.jpg,/home/soumya/soumya/CarND-Behavioral-Cloning-P3/data/IMG/right_2017_09_01_13_08_33_083.jpg,0,0,0,12.00252
/home/soumya/soumya/CarND-Behavioral-Cloning-P3/data/IMG/center_2017_09_01_13_08_33_350.jpg,/home/soumya/soumya/CarND-Behavioral-Cloning-P3/data/IMG/left_2017_09_01_13_08_33_350.jpg,/home/soumya/soumya/CarND-Behavioral-Cloning-P3/data/IMG/right_2017_09_01_13_08_33_350.jpg,0,0,0,12.06047
/home/soumya/soumya/CarND-Behavioral-Cloning-P3/data/IMG/center_2017_09_01_13_08_33_618.jpg,/home/soumya/soumya/CarND-Behavioral-Cloning-P3/data/IMG/left_2017_09_01_13_08_33_618.jpg,/home/soumya/soumya/CarND-Behavioral-Cloning-P3/data/IMG/right_2017_09_01_13_08_33_618.jpg,0,0,0,11.66908
/home/soumya/soumya/CarND-Behavioral-Cloning-P3/data/IMG/center_2017_09_01_13_08_33_874.jpg,/home/soumya/soumya/CarND-Behavioral-Cloning-P3/data/IMG/left_2017_09_01_13_08_33_874.jpg,/home/soumya/soumya/CarND-Behavioral-Cloning-P3/data/IMG/right_2017_09_01_13_08_33_874.jpg,0,0,0,11.17661
/home/soumya/soumya/CarND-Behavioral-Cloning-P3/data/IMG/center_2017_09_01_13_08_34_019.jpg,/home/soumya/soumya/CarND-Behavioral-Cloning-P3/data/IMG/left_2017_09_01_13_08_34_019.jpg,/home/soumya/soumya/CarND-Behavioral-Cloning-P3/data/IMG/right_2017_09_01_13_08_34_019.jpg,0,0,0,10.88947
/home/soumya/soumya/CarND-Behavioral-Cloning-P3/data/IMG/center_2017_09_01_13_08_34_403.jpg,/home/soumya/soumya/CarND-Behavioral-Cloning-P3/data/IMG/left_2017_09_01_13_08_34_403.jpg,/home/soumya/soumya/CarND-Behavioral-Cloning-P3/data/IMG/right_2017_09_01_13_08_34_403.jpg,0,0.7990143,0,12.71867
/home/soumya/soumya/CarND-Behavioral-Cloning-P3/data/IMG/center_2017_09_01_13_08_34_684.jpg,/home/soumya/soumya/CarND-Behavioral-Cloning-P3/data/IMG/left_2017_09_01_13_08_34_684.jpg,/home/soumya/soumya/CarND-Behavioral-Cloning-P3/data/IMG/right_2017_09_01_13_08_34_684.jpg,0,0.002805233,0,12.99753
/home/soumya/soumya/CarND-Behavioral-Cloning-P3/data/IMG/center_2017_09_01_13_08_34_948.jpg,/home/soumya/soumya/CarND-Behavioral-Cloning-P3/data/IMG/left_2017_09_01_13_08_34_948.jpg,/home/soumya/soumya/CarND-Behavioral-Cloning-P3/data/IMG/right_2017_09_01_13_08_34_948.jpg,0,0,0,12.53815
/home/soumya/soumya/CarND-Behavioral-Cloning-P3/data/IMG/center_2017_09_01_13_08_35_228.jpg,/home/soumya/soumya/CarND-Behavioral-Cloning-P3/data/IMG/left_2017_09_01_13_08_35_228.jpg,/home/soumya/soumya/CarND-Behavioral-Cloning-P3/data/IMG/right_2017_09_01_13_08_35_228.jpg,0,0,0,11.89671
/home/soumya/soumya/CarND-Behavioral-Cloning-P3/data/IMG/center_2017_09_01_13_08_35_492.jpg,/home/soumya/soumya/CarND-Behavioral-Cloning-P3/data/IMG/left_2017_09_01_13_08_35_492.jpg,/home/soumya/soumya/CarND-Behavioral-Cloning-P3/data/IMG/right_2017_09_01_13_08_35_492.jpg,0,0,0,11.6016
/home/soumya/soumya/CarND-Behavioral-Cloning-P3/data/IMG/center_2017_09_01_13_08_35_767.jpg,/home/soumya/soumya/CarND-Behavioral-Cloning-P3/data/IMG/left_2017_09_01_13_08_35_767.jpg,/home/soumya/soumya/CarND-Behavioral-Cloning-P3/data/IMG/right_2017_09_01_13_08_35_767.jpg,0,0,0,11.19256
/home/soumya/soumya/CarND-Behavioral-Cloning-P3/data/IMG/center_2017_09_01_13_08_36_035.jpg,/home/soumya/soumya/CarND-Behavioral-Cloning-P3/data/IMG/left_2017_09_01_13_08_36_035.jpg,/home/soumya/soumya/CarND-Behavioral-Cloning-P3/data/IMG/right_2017_09_01_13_08_36_035.jpg,-0.6500001,0,0,10.98138
/home/soumya/soumya/CarND-Behavioral-Cloning-P3/data/IMG/center_2017_09_01_13_08_36_182.jpg,/home/soumya/soumya/CarND-Behavioral-Cloning-P3/data/IMG/left_2017_09_01_13_08_36_182.jpg,/home/soumya/soumya/CarND-Behavioral-Cloning-P3/data/IMG/right_2017_09_01_13_08_36_182.jpg,-0.01899004,0,0,10.62126
/home/soumya/soumya/CarND-Behavioral-Cloning-P3/data/IMG/center_2017_09_01_13_08_36_448.jpg,/home/soumya/soumya/CarND-Behavioral-Cloning-P3/data/IMG/left_2017_09_01_13_08_36_448.jpg,/home/soumya/soumya/CarND-Behavioral-Cloning-P3/data/IMG/right_2017_09_01_13_08_36_448.jpg,0,0,0,10.34605
/home/soumya/soumya/CarND-Behavioral-Cloning-P3/data/IMG/center_2017_09_01_13_08_36_725.jpg,/home/soumya/soumya/CarND-Behavioral-Cloning-P3/data/IMG/left_2017_09_01_13_08_36_725.jpg,/home/soumya/soumya/CarND-Behavioral-Cloning-P3/data/IMG/right_2017_09_01_13_08_36_725.jpg,0,0,0,10.05789
/home/soumya/soumya/CarND-Behavioral-Cloning-P3/data/IMG/center_2017_09_01_13_08_37_106.jpg,/home/soumya/soumya/CarND-Behavioral-Cloning-P3/data/IMG/left_2017_09_01_13_08_37_106.jpg,/home/soumya/soumya/CarND-Behavioral-Cloning-P3/data/IMG/right_2017_09_01_13_08_37_106.jpg,0,0.8238273,0,12.34405
/home/soumya/soumya/CarND-Behavioral-Cloning-P3/data/IMG/center_2017_09_01_13_08_37_380.jpg,/home/soumya/soumya/CarND-Behavioral-Cloning-P3/data/IMG/left_2017_09_01_13_08_37_380.jpg,/home/soumya/soumya/CarND-Behavioral-Cloning-P3/data/IMG/right_2017_09_01_13_08_37_380.jpg,0,0.02232671,0,12.07263
/home/soumya/soumya/CarND-Behavioral-Cloning-P3/data/IMG/center_2017_09_01_13_08_37_643.jpg,/home/soumya/soumya/CarND-Behavioral-Cloning-P3/data/IMG/left_2017_09_01_13_08_37_643.jpg,/home/soumya/soumya/CarND-Behavioral-Cloning-P3/data/IMG/right_2017_09_01_13_08_37_643.jpg,0,0,0,11.85206
/home/soumya/soumya/CarND-Behavioral-Cloning-P3/data/IMG/center_2017_09_01_13_08_37_910.jpg,/home/soumya/soumya/CarND-Behavioral-Cloning-P3/data/IMG/left_2017_09_01_13_08_37_910.jpg,/home/soumya/soumya/CarND-Behavioral-Cloning-P3/data/IMG/right_2017_09_01_13_08_37_910.jpg,0,0,0,11.38525
/home/soumya/soumya/CarND-Behavioral-Cloning-P3/data/IMG/center_2017_09_01_13_08_38_175.jpg,/home/soumya/soumya/CarND-Behavioral-Cloning-P3/data/IMG/left_2017_09_01_13_08_38_175.jpg,/home/soumya/soumya/CarND-Behavioral-Cloning-P3/data/IMG/right_2017_09_01_13_08_38_175.jpg,0,0.7977784,0,13.53419
/home/soumya/soumya/CarND-Behavioral-Cloning-P3/data/IMG/center_2017_09_01_13_08_38_447.jpg,/home/soumya/soumya/CarND-Behavioral-Cloning-P3/data/IMG/left_2017_09_01_13_08_38_447.jpg,/home/soumya/soumya/CarND-Behavioral-Cloning-P3/data/IMG/right_2017_09_01_13_08_38_447.jpg,0,0,0,13.24115
/home/soumya/soumya/CarND-Behavioral-Cloning-P3/data/IMG/center_2017_09_01_13_08_38_717.jpg,/home/soumya/soumya/CarND-Behavioral-Cloning-P3/data/IMG/left_2017_09_01_13_08_38_717.jpg,/home/soumya/soumya/CarND-Behavioral-Cloning-P3/data/IMG/right_2017_09_01_13_08_38_717.jpg,0,0,0,12.89778
/home/soumya/soumya/CarND-Behavioral-Cloning-P3/data/IMG/center_2017_09_01_13_08_38_987.jpg,/home/soumya/soumya/CarND-Behavioral-Cloning-P3/data/IMG/left_2017_09_01_13_08_38_987.jpg,/home/soumya/soumya/CarND-Behavioral-Cloning-P3/data/IMG/right_2017_09_01_13_08_38_987.jpg,0,0,0,12.52887
/home/soumya/soumya/CarND-Behavioral-Cloning-P3/data/IMG/center_2017_09_01_13_08_39_248.jpg,/home/soumya/soumya/CarND-Behavioral-Cloning-P3/data/IMG/left_2017_09_01_13_08_39_248.jpg,/home/soumya/soumya/CarND-Behavioral-Cloning-P3/data/IMG/right_2017_09_01_13_08_39_248.jpg,0,0.7944632,0,14.59766
/home/soumya/soumya/CarND-Behavioral-Cloning-P3/data/IMG/center_2017_09_01_13_08_39_515.jpg,/home/soumya/soumya/CarND-Behavioral-Cloning-P3/data/IMG/left_2017_09_01_13_08_39_515.jpg,/home/soumya/soumya/CarND-Behavioral-Cloning-P3/data/IMG/right_2017_09_01_13_08_39_515.jpg,0,0.005892277,0,14.62868
/home/soumya/soumya/CarND-Behavioral-Cloning-P3/data/IMG/center_2017_09_01_13_08_39_798.jpg,/home/soumya/soumya/CarND-Behavioral-Cloning-P3/data/IMG/left_2017_09_01_13_08_39_798.jpg,/home/soumya/soumya/CarND-Behavioral-Cloning-P3/data/IMG/right_2017_09_01_13_08_39_798.jpg,0,0,0,14.22573
/home/soumya/soumya/CarND-Behavioral-Cloning-P3/data/IMG/center_2017_09_01_13_08_40_066.jpg,/home/soumya/soumya/CarND-Behavioral-Cloning-P3/data/IMG/left_2017_09_01_13_08_40_066.jpg,/home/soumya/soumya/CarND-Behavioral-Cloning-P3/data/IMG/right_2017_09_01_13_08_40_066.jpg,0,0.8335891,0,16.14289
/home/soumya/soumya/CarND-Behavioral-Cloning-P3/data/IMG/center_2017_09_01_13_08_40_327.jpg,/home/soumya/soumya/CarND-Behavioral-Cloning-P3/data/IMG/left_2017_09_01_13_08_40_327.jpg,/home/soumya/soumya/CarND-Behavioral-Cloning-P3/data/IMG/right_2017_09_01_13_08_40_327.jpg,0,0.04006219,0,16.31063
/home/soumya/soumya/CarND-Behavioral-Cloning-P3/data/IMG/center_2017_09_01_13_08_40_477.jpg,/home/soumya/soumya/CarND-Behavioral-Cloning-P3/data/IMG/left_2017_09_01_13_08_40_477.jpg,/home/soumya/soumya/CarND-Behavioral-Cloning-P3/data/IMG/right_2017_09_01_13_08_40_477.jpg,-0.6500001,0,0,15.1834
/home/soumya/soumya/CarND-Behavioral-Cloning-P3/data/IMG/center_2017_09_01_13_08_40_856.jpg,/home/soumya/soumya/CarND-Behavioral-Cloning-P3/data/IMG/left_2017_09_01_13_08_40_856.jpg,/home/soumya/soumya/CarND-Behavioral-Cloning-P3/data/IMG/right_2017_09_01_13_08_40_856.jpg,-0.01083612,0,0,14.72263
/home/soumya/soumya/CarND-Behavioral-Cloning-P3/data/IMG/center_2017_09_01_13_08_41_124.jpg,/home/soumya/soumya/CarND-Behavioral-Cloning-P3/data/IMG/left_2017_09_01_13_08_41_124.jpg,/home/soumya/soumya/CarND-Behavioral-Cloning-P3/data/IMG/right_2017_09_01_13_08_41_124.jpg,0,0,0,14.86217
/home/soumya/soumya/CarND-Behavioral-Cloning-P3/data/IMG/center_2017_09_01_13_08_41_394.jpg,/home/soumya/soumya/CarND-Behavioral-Cloning-P3/data/IMG/left_2017_09_01_13_08_41_394.jpg,/home/soumya/soumya/CarND-Behavioral-Cloning-P3/data/IMG/right_2017_09_01_13_08_41_394.jpg,0,0,0,13.94249
/home/soumya/soumya/CarND-Behavioral-Cloning-P3/data/IMG/center_2017_09_01_13_08_41_663.jpg,/home/soumya/soumya/CarND-Behavioral-Cloning-P3/data/IMG/left_2017_09_01_13_08_41_663.jpg,/home/soumya/soumya/CarND-Behavioral-Cloning-P3/data/IMG/right_2017_09_01_13_08_41_663.jpg,0,0,0,13.5865
/home/soumya/soumya/CarND-Behavioral-Cloning-P3/data/IMG/center_2017_09_01_13_08_41_923.jpg,/home/soumya/soumya/CarND-Behavioral-Cloning-P3/data/IMG/left_2017_09_01_13_08_41_923.jpg,/home/soumya/soumya/CarND-Behavioral-Cloning-P3/data/IMG/right_2017_09_01_13_08_41_923.jpg,0,0,0,13.73519
/home/soumya/soumya/CarND-Behavioral-Cloning-P3/data/IMG/center_2017_09_01_13_08_42_196.jpg,/home/soumya/soumya/CarND-Behavioral-Cloning-P3/data/IMG/left_2017_09_01_13_08_42_196.jpg,/home/soumya/soumya/CarND-Behavioral-Cloning-P3/data/IMG/right_2017_09_01_13_08_42_196.jpg,0,0,0,12.80494
/home/soumya/soumya/CarND-Behavioral-Cloning-P3/data/IMG/center_2017_09_01_13_08_42_494.jpg,/home/soumya/soumya/CarND-Behavioral-Cloning-P3/data/IMG/left_2017_09_01_13_08_42_494.jpg,/home/soumya/soumya/CarND-Behavioral-Cloning-P3/data/IMG/right_2017_09_01_13_08_42_494.jpg,0,0,0,12.38405
/home/soumya/soumya/CarND-Behavioral-Cloning-P3/data/IMG/center_2017_09_01_13_08_42_759.jpg,/home/soumya/soumya/CarND-Behavioral-Cloning-P3/data/IMG/left_2017_09_01_13_08_42_759.jpg,/home/soumya/soumya/CarND-Behavioral-Cloning-P3/data/IMG/right_2017_09_01_13_08_42_759.jpg,0,0,0,12.02219
/home/soumya/soumya/CarND-Behavioral-Cloning-P3/data/IMG/center_2017_09_01_13_08_43_018.jpg,/home/soumya/soumya/CarND-Behavioral-Cloning-P3/data/IMG/left_2017_09_01_13_08_43_018.jpg,/home/soumya/soumya/CarND-Behavioral-Cloning-P3/data/IMG/right_2017_09_01_13_08_43_018.jpg,0.7,0,0,11.50749
/home/soumya/soumya/CarND-Behavioral-Cloning-P3/data/IMG/center_2017_09_01_13_08_43_291.jpg,/home/soumya/soumya/CarND-Behavioral-Cloning-P3/data/IMG/left_2017_09_01_13_08_43_291.jpg,/home/soumya/soumya/CarND-Behavioral-Cloning-P3/data/IMG/right_2017_09_01_13_08_43_291.jpg,0.02424932,0,0,11.45559
/home/soumya/soumya/CarND-Behavioral-Cloning-P3/data/IMG/center_2017_09_01_13_08_43_577.jpg,/home/soumya/soumya/CarND-Behavioral-Cloning-P3/data/IMG/left_2017_09_01_13_08_43_577.jpg,/home/soumya/soumya/CarND-Behavioral-Cloning-P3/data/IMG/right_2017_09_01_13_08_43_577.jpg,0,0,0,11.17546
/home/soumya/soumya/CarND-Behavioral-Cloning-P3/data/IMG/center_2017_09_01_13_08_43_745.jpg,/home/soumya/soumya/CarND-Behavioral-Cloning-P3/data/IMG/left_2017_09_01_13_08_43_745.jpg,/home/soumya/soumya/CarND-Behavioral-Cloning-P3/data/IMG/right_2017_09_01_13_08_43_745.jpg,0,0,0,10.84226
/home/soumya/soumya/CarND-Behavioral-Cloning-P3/data/IMG/center_2017_09_01_13_08_44_028.jpg,/home/soumya/soumya/CarND-Behavioral-Cloning-P3/data/IMG/left_2017_09_01_13_08_44_028.jpg,/home/soumya/soumya/CarND-Behavioral-Cloning-P3/data/IMG/right_2017_09_01_13_08_44_028.jpg,0,0,0,10.54028
/home/soumya/soumya/CarND-Behavioral-Cloning-P3/data/IMG/center_2017_09_01_13_08_44_307.jpg,/home/soumya/soumya/CarND-Behavioral-Cloning-P3/data/IMG/left_2017_09_01_13_08_44_307.jpg,/home/soumya/soumya/CarND-Behavioral-Cloning-P3/data/IMG/right_2017_09_01_13_08_44_307.jpg,-0.7,0,0,10.08145
/home/soumya/soumya/CarND-Behavioral-Cloning-P3/data/IMG/center_2017_09_01_13_08_44_569.jpg,/home/soumya/soumya/CarND-Behavioral-Cloning-P3/data/IMG/left_2017_09_01_13_08_44_569.jpg,/home/soumya/soumya/CarND-Behavioral-Cloning-P3/data/IMG/right_2017_09_01_13_08_44_569.jpg,-0.04647231,0,0,9.769183
/home/soumya/soumya/CarND-Behavioral-Cloning-P3/data/IMG/center_2017_09_01_13_08_44_850.jpg,/home/soumya/soumya/CarND-Behavioral-Cloning-P3/data/IMG/left_2017_09_01_13_08_44_850.jpg,/home/soumya/soumya/CarND-Behavioral-Cloning-P3/data/IMG/right_2017_09_01_13_08_44_850.jpg,0,0,0,9.49625
/home/soumya/soumya/CarND-Behavioral-Cloning-P3/data/IMG/center_2017_09_01_13_08_45_125.jpg,/home/soumya/soumya/CarND-Behavioral-Cloning-P3/data/IMG/left_2017_09_01_13_08_45_125.jpg,/home/soumya/soumya/CarND-Behavioral-Cloning-P3/data/IMG/right_2017_09_01_13_08_45_125.jpg,0,0,0,9.250413
/home/soumya/soumya/CarND-Behavioral-Cloning-P3/data/IMG/center_2017_09_01_13_08_45_377.jpg,/home/soumya/soumya/CarND-Behavioral-Cloning-P3/data/IMG/left_2017_09_01_13_08_45_377.jpg,/home/soumya/soumya/CarND-Behavioral-Cloning-P3/data/IMG/right_2017_09_01_13_08_45_377.jpg,0,0,0,9.01094
/home/soumya/soumya/CarND-Behavioral-Cloning-P3/data/IMG/center_2017_09_01_13_08_45_640.jpg,/home/soumya/soumya/CarND-Behavioral-Cloning-P3/data/IMG/left_2017_09_01_13_08_45_640.jpg,/home/soumya/soumya/CarND-Behavioral-Cloning-P3/data/IMG/right_2017_09_01_13_08_45_640.jpg,0,0.7876017,0,11.3459
/home/soumya/soumya/CarND-Behavioral-Cloning-P3/data/IMG/center_2017_09_01_13_08_46_011.jpg,/home/soumya/soumya/CarND-Behavioral-Cloning-P3/data/IMG/left_2017_09_01_13_08_46_011.jpg,/home/soumya/soumya/CarND-Behavioral-Cloning-P3/data/IMG/right_2017_09_01_13_08_46_011.jpg,0,0,0,11.11944
/home/soumya/soumya/CarND-Behavioral-Cloning-P3/data/IMG/center_2017_09_01_13_08_46_168.jpg,/home/soumya/soumya/CarND-Behavioral-Cloning-P3/data/IMG/left_2017_09_01_13_08_46_168.jpg,/home/soumya/soumya/CarND-Behavioral-Cloning-P3/data/IMG/right_2017_09_01_13_08_46_168.jpg,0,0,0,10.83157
/home/soumya/soumya/CarND-Behavioral-Cloning-P3/data/IMG/center_2017_09_01_13_08_46_560.jpg,/home/soumya/soumya/CarND-Behavioral-Cloning-P3/data/IMG/left_2017_09_01_13_08_46_560.jpg,/home/soumya/soumya/CarND-Behavioral-Cloning-P3/data/IMG/right_2017_09_01_13_08_46_560.jpg,0,0.8359416,0,13.28951
/home/soumya/soumya/CarND-Behavioral-Cloning-P3/data/IMG/center_2017_09_01_13_08_46_826.jpg,/home/soumya/soumya/CarND-Behavioral-Cloning-P3/data/IMG/left_2017_09_01_13_08_46_826.jpg,/home/soumya/soumya/CarND-Behavioral-Cloning-P3/data/IMG/right_2017_09_01_13_08_46_826.jpg,0,0.01939917,0,13.06276
/home/soumya/soumya/CarND-Behavioral-Cloning-P3/data/IMG/center_2017_09_01_13_08_47_092.jpg,/home/soumya/soumya/CarND-Behavioral-Cloning-P3/data/IMG/left_2017_09_01_13_08_47_092.jpg,/home/soumya/soumya/CarND-Behavioral-Cloning-P3/data/IMG/right_2017_09_01_13_08_47_092.jpg,0,0.7967985,0,15.15949
/home/soumya/soumya/CarND-Behavioral-Cloning-P3/data/IMG/center_2017_09_01_13_08_47_364.jpg,/home/soumya/soumya/CarND-Behavioral-Cloning-P3/data/IMG/left_2017_09_01_13_08_47_364.jpg,/home/soumya/soumya/CarND-Behavioral-Cloning-P3/data/IMG/right_2017_09_01_13_08_47_364.jpg,0,0,0,14.54189
/home/soumya/soumya/CarND-Behavioral-Cloning-P3/data/IMG/center_2017_09_01_13_08_47_637.jpg,/home/soumya/soumya/CarND-Behavioral-Cloning-P3/data/IMG/left_2017_09_01_13_08_47_637.jpg,/home/soumya/soumya/CarND-Behavioral-Cloning-P3/data/IMG/right_2017_09_01_13_08_47_637.jpg,0,0.7980809,0,16.93741
/home/soumya/soumya/CarND-Behavioral-Cloning-P3/data/IMG/center_2017_09_01_13_08_47_799.jpg,/home/soumya/soumya/CarND-Behavioral-Cloning-P3/data/IMG/left_2017_09_01_13_08_47_799.jpg,/home/soumya/soumya/CarND-Behavioral-Cloning-P3/data/IMG/right_2017_09_01_13_08_47_799.jpg,0,1,0,19.74649
/home/soumya/soumya/CarND-Behavioral-Cloning-P3/data/IMG/center_2017_09_01_13_08_48_051.jpg,/home/soumya/soumya/CarND-Behavioral-Cloning-P3/data/IMG/left_2017_09_01_13_08_48_051.jpg,/home/soumya/soumya/CarND-Behavioral-Cloning-P3/data/IMG/right_2017_09_01_13_08_48_051.jpg,0,0.2204106,0,19.97451
/home/soumya/soumya/CarND-Behavioral-Cloning-P3/data/IMG/center_2017_09_01_13_08_48_322.jpg,/home/soumya/soumya/CarND-Behavioral-Cloning-P3/data/IMG/left_2017_09_01_13_08_48_322.jpg,/home/soumya/soumya/CarND-Behavioral-Cloning-P3/data/IMG/right_2017_09_01_13_08_48_322.jpg,-0.7,0,0,19.05832
/home/soumya/soumya/CarND-Behavioral-Cloning-P3/data/IMG/center_2017_09_01_13_08_48_695.jpg,/home/soumya/soumya/CarND-Behavioral-Cloning-P3/data/IMG/left_2017_09_01_13_08_48_695.jpg,/home/soumya/soumya/CarND-Behavioral-Cloning-P3/data/IMG/right_2017_09_01_13_08_48_695.jpg,-0.02118301,0,0,18.75735
/home/soumya/soumya/CarND-Behavioral-Cloning-P3/data/IMG/center_2017_09_01_13_08_48_843.jpg,/home/soumya/soumya/CarND-Behavioral-Cloning-P3/data/IMG/left_2017_09_01_13_08_48_843.jpg,/home/soumya/soumya/CarND-Behavioral-Cloning-P3/data/IMG/right_2017_09_01_13_08_48_843.jpg,0,0,0,17.79539
/home/soumya/soumya/CarND-Behavioral-Cloning-P3/data/IMG/center_2017_09_01_13_08_49_113.jpg,/home/soumya/soumya/CarND-Behavioral-Cloning-P3/data/IMG/left_2017_09_01_13_08_49_113.jpg,/home/soumya/soumya/CarND-Behavioral-Cloning-P3/data/IMG/right_2017_09_01_13_08_49_113.jpg,0,0,0,17.84025
/home/soumya/soumya/CarND-Behavioral-Cloning-P3/data/IMG/center_2017_09_01_13_08_49_369.jpg,/home/soumya/soumya/CarND-Behavioral-Cloning-P3/data/IMG/left_2017_09_01_13_08_49_369.jpg,/home/soumya/soumya/CarND-Behavioral-Cloning-P3/data/IMG/right_2017_09_01_13_08_49_369.jpg,0,0,0,16.85076
/home/soumya/soumya/CarND-Behavioral-Cloning-P3/data/IMG/center_2017_09_01_13_08_49_627.jpg,/home/soumya/soumya/CarND-Behavioral-Cloning-P3/data/IMG/left_2017_09_01_13_08_49_627.jpg,/home/soumya/soumya/CarND-Behavioral-Cloning-P3/data/IMG/right_2017_09_01_13_08_49_627.jpg,0.6500001,0,0,16.69825
/home/soumya/soumya/CarND-Behavioral-Cloning-P3/data/IMG/center_2017_09_01_13_08_49_997.jpg,/home/soumya/soumya/CarND-Behavioral-Cloning-P3/data/IMG/left_2017_09_01_13_08_49_997.jpg,/home/soumya/soumya/CarND-Behavioral-Cloning-P3/data/IMG/right_2017_09_01_13_08_49_997.jpg,0,0,0,15.71241
/home/soumya/soumya/CarND-Behavioral-Cloning-P3/data/IMG/center_2017_09_01_13_08_50_261.jpg,/home/soumya/soumya/CarND-Behavioral-Cloning-P3/data/IMG/left_2017_09_01_13_08_50_261.jpg,/home/soumya/soumya/CarND-Behavioral-Cloning-P3/data/IMG/right_2017_09_01_13_08_50_261.jpg,0,0,0,15.84846
/home/soumya/soumya/CarND-Behavioral-Cloning-P3/data/IMG/center_2017_09_01_13_08_50_520.jpg,/home/soumya/soumya/CarND-Behavioral-Cloning-P3/data/IMG/left_2017_09_01_13_08_50_520.jpg,/home/soumya/soumya/CarND-Behavioral-Cloning-P3/data/IMG/right_2017_09_01_13_08_50_520.jpg,0,0,0,15.41713
/home/soumya/soumya/CarND-Behavioral-Cloning-P3/data/IMG/center_2017_09_01_13_08_50_781.jpg,/home/soumya/soumya/CarND-Behavioral-Cloning-P3/data/IMG/left_2017_09_01_13_08_50_781.jpg,/home/soumya/soumya/CarND-Behavioral-Cloning-P3/data/IMG/right_2017_09_01_13_08_50_781.jpg,0,0,0,15.05529
/home/soumya/soumya/CarND-Behavioral-Cloning-P3/data/IMG/center_2017_09_01_13_08_51_038.jpg,/home/soumya/soumya/CarND-Behavioral-Cloning-P3/data/IMG/left_2017_09_01_13_08_51_038.jpg,/home/soumya/soumya/CarND-Behavioral-Cloning-P3/data/IMG/right_2017_09_01_13_08_51_038.jpg,0,0,0,14.16542
/home/soumya/soumya/CarND-Behavioral-Cloning-P3/data/IMG/center_2017_09_01_13_08_51_311.jpg,/home/soumya/soumya/CarND-Behavioral-Cloning-P3/data/IMG/left_2017_09_01_13_08_51_311.jpg,/home/soumya/soumya/CarND-Behavioral-Cloning-P3/data/IMG/right_2017_09_01_13_08_51_311.jpg,-0.6500001,0,0,14.10208
/home/soumya/soumya/CarND-Behavioral-Cloning-P3/data/IMG/center_2017_09_01_13_08_51_585.jpg,/home/soumya/soumya/CarND-Behavioral-Cloning-P3/data/IMG/left_2017_09_01_13_08_51_585.jpg,/home/soumya/soumya/CarND-Behavioral-Cloning-P3/data/IMG/right_2017_09_01_13_08_51_585.jpg,-1,0,0,13.30641
/home/soumya/soumya/CarND-Behavioral-Cloning-P3/data/IMG/center_2017_09_01_13_08_51_852.jpg,/home/soumya/soumya/CarND-Behavioral-Cloning-P3/data/IMG/left_2017_09_01_13_08_51_852.jpg,/home/soumya/soumya/CarND-Behavioral-Cloning-P3/data/IMG/right_2017_09_01_13_08_51_852.jpg,-0.1828211,0,0,12.4091
/home/soumya/soumya/CarND-Behavioral-Cloning-P3/data/IMG/center_2017_09_01_13_08_52_119.jpg,/home/soumya/soumya/CarND-Behavioral-Cloning-P3/data/IMG/left_2017_09_01_13_08_52_119.jpg,/home/soumya/soumya/CarND-Behavioral-Cloning-P3/data/IMG/right_2017_09_01_13_08_52_119.jpg,0,0,0,11.93046
/home/soumya/soumya/CarND-Behavioral-Cloning-P3/data/IMG/center_2017_09_01_13_08_52_380.jpg,/home/soumya/soumya/CarND-Behavioral-Cloning-P3/data/IMG/left_2017_09_01_13_08_52_380.jpg,/home/soumya/soumya/CarND-Behavioral-Cloning-P3/data/IMG/right_2017_09_01_13_08_52_380.jpg,-0.6500001,0,0,11.98101
/home/soumya/soumya/CarND-Behavioral-Cloning-P3/data/IMG/center_2017_09_01_13_08_52_646.jpg,/home/soumya/soumya/CarND-Behavioral-Cloning-P3/data/IMG/left_2017_09_01_13_08_52_646.jpg,/home/soumya/soumya/CarND-Behavioral-Cloning-P3/data/IMG/right_2017_09_01_13_08_52_646.jpg,-7.450581E-09,0,0,11.27448
/home/soumya/soumya/CarND-Behavioral-Cloning-P3/data/IMG/center_2017_09_01_13_08_52_902.jpg,/home/soumya/soumya/CarND-Behavioral-Cloning-P3/data/IMG/left_2017_09_01_13_08_52_902.jpg,/home/soumya/soumya/CarND-Behavioral-Cloning-P3/data/IMG/right_2017_09_01_13_08_52_902.jpg,0,0,0,11.15588
/home/soumya/soumya/CarND-Behavioral-Cloning-P3/data/IMG/center_2017_09_01_13_08_53_046.jpg,/home/soumya/soumya/CarND-Behavioral-Cloning-P3/data/IMG/left_2017_09_01_13_08_53_046.jpg,/home/soumya/soumya/CarND-Behavioral-Cloning-P3/data/IMG/right_2017_09_01_13_08_53_046.jpg,0.6500001,0,0,10.70371
/home/soumya/soumya/CarND-Behavioral-Cloning-P3/data/IMG/center_2017_09_01_13_08_53_302.jpg,/home/soumya/soumya/CarND-Behavioral-Cloning-P3/data/IMG/left_2017_09_01_13_08_53_302.jpg,/home/soumya/soumya/CarND-Behavioral-Cloning-P3/data/IMG/right_2017_09_01_13_08_53_302.jpg,0,0,0,10.33384
/home/soumya/soumya/CarND-Behavioral-Cloning-P3/data/IMG/center_2017_09_01_13_08_53_569.jpg,/home/soumya/soumya/CarND-Behavioral-Cloning-P3/data/IMG/left_2017_09_01_13_08_53_569.jpg,/home/soumya/soumya/CarND-Behavioral-Cloning-P3/data/IMG/right_2017_09_01_13_08_53_569.jpg,0.6500001,0,0,9.912572
/home/soumya/soumya/CarND-Behavioral-Cloning-P3/data/IMG/center_2017_09_01_13_08_53_830.jpg,/home/soumya/soumya/CarND-Behavioral-Cloning-P3/data/IMG/left_2017_09_01_13_08_53_830.jpg,/home/soumya/soumya/CarND-Behavioral-Cloning-P3/data/IMG/right_2017_09_01_13_08_53_830.jpg,0.0224154,0,0,9.574149
/home/soumya/soumya/CarND-Behavioral-Cloning-P3/data/IMG/center_2017_09_01_13_08_54_089.jpg,/home/soumya/soumya/CarND-Behavioral-Cloning-P3/data/IMG/left_2017_09_01_13_08_54_089.jpg,/home/soumya/soumya/CarND-Behavioral-Cloning-P3/data/IMG/right_2017_09_01_13_08_54_089.jpg,0,0,0,9.239917
/home/soumya/soumya/CarND-Behavioral-Cloning-P3/data/IMG/center_2017_09_01_13_08_54_358.jpg,/home/soumya/soumya/CarND-Behavioral-Cloning-P3/data/IMG/left_2017_09_01_13_08_54_358.jpg,/home/soumya/soumya/CarND-Behavioral-Cloning-P3/data/IMG/right_2017_09_01_13_08_54_358.jpg,0,0.4,0,9.485985
/home/soumya/soumya/CarND-Behavioral-Cloning-P3/data/IMG/center_2017_09_01_13_08_54_619.jpg,/home/soumya/soumya/CarND-Behavioral-Cloning-P3/data/IMG/left_2017_09_01_13_08_54_619.jpg,/home/soumya/soumya/CarND-Behavioral-Cloning-P3/data/IMG/right_2017_09_01_13_08_54_619.jpg,0,0.4,0,10.28015
/home/soumya/soumya/CarND-Behavioral-Cloning-P3/data/IMG/center_2017_09_01_13_08_55_002.jpg,/home/soumya/soumya/CarND-Behavioral-Cloning-P3/data/IMG/left_2017_09_01_13_08_55_002.jpg,/home/soumya/soumya/CarND-Behavioral-Cloning-P3/data/IMG/right_2017_09_01_13_08_55_002.jpg,0,0.4,0,11.2335
/home/soumya/soumya/CarND-Behavioral-Cloning-P3/data/IMG/center_2017_09_01_13_08_55_263.jpg,/home/soumya/soumya/CarND-Behavioral-Cloning-P3/data/IMG/left_2017_09_01_13_08_55_263.jpg,/home/soumya/soumya/CarND-Behavioral-Cloning-P3/data/IMG/right_2017_09_01_13_08_55_263.jpg,0,0.4,0,12.09666
